month_date,fold,p_stress,hard_stress,hmm_state,hmm_stress_state,selected_seed,train_end
2014-01-01,origin_2021_04,1.0,1,0,0,101,2020-03-01
2014-02-01,origin_2021_04,0.9999999998246114,1,0,0,101,2020-03-01
2014-03-01,origin_2021_04,0.9999999999632285,1,0,0,101,2020-03-01
2014-04-01,origin_2021_04,0.9999958582569367,1,0,0,101,2020-03-01
2014-05-01,origin_2021_04,0.9999999999544817,1,0,0,101,2020-03-01
2014-06-01,origin_2021_04,0.9999999798930868,1,0,0,101,2020-03-01
2014-07-01,origin_2021_04,0.9999999804108166,1,0,0,101,2020-03-01
2014-08-01,origin_2021_04,0.9999979319890628,1,0,0,101,2020-03-01
2014-09-01,origin_2021_04,0.9997970149186018,1,0,0,101,2020-03-01
2014-10-01,origin_2021_04,0.9999920498239089,1,0,0,101,2020-03-01
2014-11-01,origin_2021_04,0.9996176899750491,1,0,0,101,2020-03-01
2014-12-01,origin_2021_04,0.9999999800957762,1,0,0,101,2020-03-01
2015-01-01,origin_2021_04,0.9999998928309064,1,0,0,101,2020-03-01
2015-02-01,origin_2021_04,0.9999763631052551,1,0,0,101,2020-03-01
2015-03-01,origin_2021_04,0.9990036777680894,1,0,0,101,2020-03-01
2015-04-01,origin_2021_04,0.9999319136444897,1,0,0,101,2020-03-01
2015-05-01,origin_2021_04,0.9808670621455523,1,0,0,101,2020-03-01
2015-06-01,origin_2021_04,0.9999460420022505,1,0,0,101,2020-03-01
2015-07-01,origin_2021_04,0.9887891975309857,1,0,0,101,2020-03-01
2015-08-01,origin_2021_04,0.9995713457425034,1,0,0,101,2020-03-01
2015-09-01,origin_2021_04,0.9995412910343526,1,0,0,101,2020-03-01
2015-10-01,origin_2021_04,0.9987414121892221,1,0,0,101,2020-03-01
2015-11-01,origin_2021_04,0.9331241561496738,1,0,0,101,2020-03-01
2015-12-01,origin_2021_04,0.9976385415039657,1,0,0,101,2020-03-01
2016-01-01,origin_2021_04,0.9999971256284487,1,0,0,101,2020-03-01
2016-02-01,origin_2021_04,0.9999999014709497,1,0,0,101,2020-03-01
2016-03-01,origin_2021_04,0.9998991730145117,1,0,0,101,2020-03-01
2016-04-01,origin_2021_04,0.9999817415154842,1,0,0,101,2020-03-01
2016-05-01,origin_2021_04,0.9999809187733731,1,0,0,101,2020-03-01
2016-06-01,origin_2021_04,0.9999909290360464,1,0,0,101,2020-03-01
2016-07-01,origin_2021_04,0.9999896642749257,1,0,0,101,2020-03-01
2016-08-01,origin_2021_04,0.999981703947068,1,0,0,101,2020-03-01
2016-09-01,origin_2021_04,0.9999805141242879,1,0,0,101,2020-03-01
2016-10-01,origin_2021_04,0.9999912035753465,1,0,0,101,2020-03-01
2016-11-01,origin_2021_04,0.8815997998470474,1,0,0,101,2020-03-01
2016-12-01,origin_2021_04,1.0486583341293435e-06,0,1,0,101,2020-03-01
2017-01-01,origin_2021_04,0.0007555807245293175,0,1,0,101,2020-03-01
2017-02-01,origin_2021_04,6.032672468352104e-05,0,1,0,101,2020-03-01
2017-03-01,origin_2021_04,2.1530864547202075e-06,0,1,0,101,2020-03-01
2017-04-01,origin_2021_04,0.0006333637393307727,0,1,0,101,2020-03-01
2017-05-01,origin_2021_04,3.166735868515971e-05,0,1,0,101,2020-03-01
2017-06-01,origin_2021_04,0.00043555226856297537,0,1,0,101,2020-03-01
2017-07-01,origin_2021_04,7.1469925408306225e-06,0,1,0,101,2020-03-01
2017-08-01,origin_2021_04,0.0003613504336724891,0,1,0,101,2020-03-01
2017-09-01,origin_2021_04,0.0007185601426526981,0,1,0,101,2020-03-01
2017-10-01,origin_2021_04,0.00020106061672094428,0,1,0,101,2020-03-01
2017-11-01,origin_2021_04,0.00010701582166599641,0,1,0,101,2020-03-01
2017-12-01,origin_2021_04,1.8724854613584577e-05,0,1,0,101,2020-03-01
2018-01-01,origin_2021_04,6.622714698103042e-08,0,1,0,101,2020-03-01
2018-02-01,origin_2021_04,1.3167127913754741e-13,0,1,0,101,2020-03-01
2018-03-01,origin_2021_04,3.0648226355378316e-12,0,1,0,101,2020-03-01
2018-04-01,origin_2021_04,1.2938051796184128e-14,0,1,0,101,2020-03-01
2018-05-01,origin_2021_04,1.287034852338269e-19,0,1,0,101,2020-03-01
2018-06-01,origin_2021_04,1.9848817953986441e-16,0,1,0,101,2020-03-01
2018-07-01,origin_2021_04,6.577928832595705e-18,0,1,0,101,2020-03-01
2018-08-01,origin_2021_04,2.2023972842486897e-19,0,1,0,101,2020-03-01
2018-09-01,origin_2021_04,3.418163007770476e-24,0,1,0,101,2020-03-01
2018-10-01,origin_2021_04,3.142600898595276e-34,0,1,0,101,2020-03-01
2018-11-01,origin_2021_04,1.6374951638832892e-31,0,1,0,101,2020-03-01
2018-12-01,origin_2021_04,2.2592907225598033e-19,0,1,0,101,2020-03-01
2019-01-01,origin_2021_04,1.7537387444053306e-19,0,1,0,101,2020-03-01
2019-02-01,origin_2021_04,5.956881310191358e-20,0,1,0,101,2020-03-01
2019-03-01,origin_2021_04,3.656742527715781e-15,0,1,0,101,2020-03-01
2019-04-01,origin_2021_04,9.065827401724451e-13,0,1,0,101,2020-03-01
2019-05-01,origin_2021_04,2.4806776571114085e-10,0,1,0,101,2020-03-01
2019-06-01,origin_2021_04,0.0002838585743716532,0,1,0,101,2020-03-01
2019-07-01,origin_2021_04,2.4033534151381033e-08,0,1,0,101,2020-03-01
2019-08-01,origin_2021_04,0.0175518390547177,0,1,0,101,2020-03-01
2019-09-01,origin_2021_04,3.2402991758709246e-09,0,1,0,101,2020-03-01
2019-10-01,origin_2021_04,2.8618140280710665e-09,0,1,0,101,2020-03-01
2019-11-01,origin_2021_04,1.417859256893798e-08,0,1,0,101,2020-03-01
2019-12-01,origin_2021_04,2.223258097973747e-07,0,1,0,101,2020-03-01
2020-01-01,origin_2021_04,0.00010360764964732942,0,1,0,101,2020-03-01
2020-02-01,origin_2021_04,0.002047449468541121,0,1,0,101,2020-03-01
2020-03-01,origin_2021_04,1.0,1,0,0,101,2020-03-01
2020-04-01,origin_2021_04,1.0,1,0,0,101,2020-03-01
2020-05-01,origin_2021_04,1.0,1,0,0,101,2020-03-01
2020-06-01,origin_2021_04,1.0,1,0,0,101,2020-03-01
2020-07-01,origin_2021_04,1.0,1,0,0,101,2020-03-01
2020-08-01,origin_2021_04,1.0,1,0,0,101,2020-03-01
2020-09-01,origin_2021_04,1.0,1,0,0,101,2020-03-01
2020-10-01,origin_2021_04,1.0,1,0,0,101,2020-03-01
2020-11-01,origin_2021_04,1.0,1,0,0,101,2020-03-01
2020-12-01,origin_2021_04,1.0,1,0,0,101,2020-03-01
2021-01-01,origin_2021_04,1.0,1,0,0,101,2020-03-01
2021-02-01,origin_2021_04,1.0,1,0,0,101,2020-03-01
2021-03-01,origin_2021_04,2.417054781020614e-55,0,1,0,101,2020-03-01
2021-04-01,origin_2021_04,2.200112448079442e-65,0,1,0,101,2020-03-01
2021-05-01,origin_2021_04,2.9818668521641955e-123,0,1,0,101,2020-03-01
2021-06-01,origin_2021_04,9.437757107398247e-140,0,1,0,101,2020-03-01
2021-07-01,origin_2021_04,4.4236741212195026e-144,0,1,0,101,2020-03-01
2021-08-01,origin_2021_04,1.0302835076800603e-121,0,1,0,101,2020-03-01
2021-09-01,origin_2021_04,1.3364684878930012e-109,0,1,0,101,2020-03-01
2021-10-01,origin_2021_04,3.604750197066834e-95,0,1,0,101,2020-03-01
2021-11-01,origin_2021_04,2.5666453441111583e-106,0,1,0,101,2020-03-01
2021-12-01,origin_2021_04,3.8627079552281267e-103,0,1,0,101,2020-03-01
2022-01-01,origin_2021_04,1.1732379909003581e-40,0,1,0,101,2020-03-01
2022-02-01,origin_2021_04,5.301436603243028e-68,0,1,0,101,2020-03-01
2022-03-01,origin_2021_04,1.0,1,0,0,101,2020-03-01
2014-01-01,origin_2022_04,1.0,1,0,0,71,2021-03-01
2014-02-01,origin_2022_04,0.9999981135195334,1,0,0,71,2021-03-01
2014-03-01,origin_2022_04,0.999999299028478,1,0,0,71,2021-03-01
2014-04-01,origin_2022_04,0.9999997934642786,1,0,0,71,2021-03-01
2014-05-01,origin_2022_04,0.9999999995448592,1,0,0,71,2021-03-01
2014-06-01,origin_2022_04,0.9999999948193334,1,0,0,71,2021-03-01
2014-07-01,origin_2022_04,0.9999999984443715,1,0,0,71,2021-03-01
2014-08-01,origin_2022_04,0.9999999965850859,1,0,0,71,2021-03-01
2014-09-01,origin_2022_04,0.9999997366104036,1,0,0,71,2021-03-01
2014-10-01,origin_2022_04,0.9999999996706017,1,0,0,71,2021-03-01
2014-11-01,origin_2022_04,0.9999995688821018,1,0,0,71,2021-03-01
2014-12-01,origin_2022_04,0.9999998786266986,1,0,0,71,2021-03-01
2015-01-01,origin_2022_04,0.9999999999674651,1,0,0,71,2021-03-01
2015-02-01,origin_2022_04,0.9999879351503751,1,0,0,71,2021-03-01
2015-03-01,origin_2022_04,0.9999930845636564,1,0,0,71,2021-03-01
2015-04-01,origin_2022_04,0.9999998633920488,1,0,0,71,2021-03-01
2015-05-01,origin_2022_04,0.9999386400769249,1,0,0,71,2021-03-01
2015-06-01,origin_2022_04,0.9998624830461957,1,0,0,71,2021-03-01
2015-07-01,origin_2022_04,0.9999808476931362,1,0,0,71,2021-03-01
2015-08-01,origin_2022_04,0.9999975549185438,1,0,0,71,2021-03-01
2015-09-01,origin_2022_04,0.9994281900381285,1,0,0,71,2021-03-01
2015-10-01,origin_2022_04,0.9999924603943099,1,0,0,71,2021-03-01
2015-11-01,origin_2022_04,0.9998850229608198,1,0,0,71,2021-03-01
2015-12-01,origin_2022_04,0.9996763323449382,1,0,0,71,2021-03-01
2016-01-01,origin_2022_04,0.9994974593478324,1,0,0,71,2021-03-01
2016-02-01,origin_2022_04,0.9999989097370802,1,0,0,71,2021-03-01
2016-03-01,origin_2022_04,0.9986829856965664,1,0,0,71,2021-03-01
2016-04-01,origin_2022_04,0.9997477122833933,1,0,0,71,2021-03-01
2016-05-01,origin_2022_04,0.9996764911806455,1,0,0,71,2021-03-01
2016-06-01,origin_2022_04,0.9998754613382534,1,0,0,71,2021-03-01
2016-07-01,origin_2022_04,0.9997528371869742,1,0,0,71,2021-03-01
2016-08-01,origin_2022_04,0.9980983167453583,1,0,0,71,2021-03-01
2016-09-01,origin_2022_04,0.9980576134336615,1,0,0,71,2021-03-01
2016-10-01,origin_2022_04,0.989905591986833,1,0,0,71,2021-03-01
2016-11-01,origin_2022_04,0.9999636701077479,1,0,0,71,2021-03-01
2016-12-01,origin_2022_04,0.9999999992211606,1,0,0,71,2021-03-01
2017-01-01,origin_2022_04,0.9999368261977836,1,0,0,71,2021-03-01
2017-02-01,origin_2022_04,0.9999758561244271,1,0,0,71,2021-03-01
2017-03-01,origin_2022_04,0.9999986890672772,1,0,0,71,2021-03-01
2017-04-01,origin_2022_04,0.9996140708762211,1,0,0,71,2021-03-01
2017-05-01,origin_2022_04,0.9999830840732901,1,0,0,71,2021-03-01
2017-06-01,origin_2022_04,0.9999504494266354,1,0,0,71,2021-03-01
2017-07-01,origin_2022_04,0.9999999311981199,1,0,0,71,2021-03-01
2017-08-01,origin_2022_04,0.9997268085011832,1,0,0,71,2021-03-01
2017-09-01,origin_2022_04,0.9999593904608722,1,0,0,71,2021-03-01
2017-10-01,origin_2022_04,0.9999970452432144,1,0,0,71,2021-03-01
2017-11-01,origin_2022_04,0.9999962915538232,1,0,0,71,2021-03-01
2017-12-01,origin_2022_04,0.9999999567272333,1,0,0,71,2021-03-01
2018-01-01,origin_2022_04,0.9999999999422298,1,0,0,71,2021-03-01
2018-02-01,origin_2022_04,1.0,1,0,0,71,2021-03-01
2018-03-01,origin_2022_04,0.9999999999996607,1,0,0,71,2021-03-01
2018-04-01,origin_2022_04,1.0,1,0,0,71,2021-03-01
2018-05-01,origin_2022_04,1.0,1,0,0,71,2021-03-01
2018-06-01,origin_2022_04,1.0,1,0,0,71,2021-03-01
2018-07-01,origin_2022_04,1.0,1,0,0,71,2021-03-01
2018-08-01,origin_2022_04,1.0,1,0,0,71,2021-03-01
2018-09-01,origin_2022_04,1.0,1,0,0,71,2021-03-01
2018-10-01,origin_2022_04,1.0,1,0,0,71,2021-03-01
2018-11-01,origin_2022_04,1.0,1,0,0,71,2021-03-01
2018-12-01,origin_2022_04,1.0,1,0,0,71,2021-03-01
2019-01-01,origin_2022_04,1.0,1,0,0,71,2021-03-01
2019-02-01,origin_2022_04,1.0,1,0,0,71,2021-03-01
2019-03-01,origin_2022_04,0.9999999999999911,1,0,0,71,2021-03-01
2019-04-01,origin_2022_04,0.9999999999999938,1,0,0,71,2021-03-01
2019-05-01,origin_2022_04,0.9999999999822533,1,0,0,71,2021-03-01
2019-06-01,origin_2022_04,0.9999982522466945,1,0,0,71,2021-03-01
2019-07-01,origin_2022_04,0.9999999998534559,1,0,0,71,2021-03-01
2019-08-01,origin_2022_04,0.9999639092922195,1,0,0,71,2021-03-01
2019-09-01,origin_2022_04,0.9999999999628846,1,0,0,71,2021-03-01
2019-10-01,origin_2022_04,0.9999999998902327,1,0,0,71,2021-03-01
2019-11-01,origin_2022_04,0.9999999999132883,1,0,0,71,2021-03-01
2019-12-01,origin_2022_04,0.9999999991234634,1,0,0,71,2021-03-01
2020-01-01,origin_2022_04,0.9999991463690672,1,0,0,71,2021-03-01
2020-02-01,origin_2022_04,0.9989968399539747,1,0,0,71,2021-03-01
2020-03-01,origin_2022_04,9.730179577863446e-32,0,1,0,71,2021-03-01
2020-04-01,origin_2022_04,5.430213982874784e-212,0,1,0,71,2021-03-01
2020-05-01,origin_2022_04,8.465043341322477e-18,0,1,0,71,2021-03-01
2020-06-01,origin_2022_04,6.400113046960632e-12,0,1,0,71,2021-03-01
2020-07-01,origin_2022_04,5.6022334243815464e-21,0,1,0,71,2021-03-01
2020-08-01,origin_2022_04,5.53829550365292e-17,0,1,0,71,2021-03-01
2020-09-01,origin_2022_04,4.031876504020428e-21,0,1,0,71,2021-03-01
2020-10-01,origin_2022_04,2.0064234523990038e-27,0,1,0,71,2021-03-01
2020-11-01,origin_2022_04,1.1623660620750743e-36,0,1,0,71,2021-03-01
2020-12-01,origin_2022_04,4.710355210929277e-38,0,1,0,71,2021-03-01
2021-01-01,origin_2022_04,2.5261728671638287e-42,0,1,0,71,2021-03-01
2021-02-01,origin_2022_04,2.007123946249717e-46,0,1,0,71,2021-03-01
2021-03-01,origin_2022_04,1.043640566012988e-60,0,1,0,71,2021-03-01
2021-04-01,origin_2022_04,2.5240272973327116e-77,0,1,0,71,2021-03-01
2021-05-01,origin_2022_04,6.689671651204844e-110,0,1,0,71,2021-03-01
2021-06-01,origin_2022_04,3.920998186066614e-122,0,1,0,71,2021-03-01
2021-07-01,origin_2022_04,7.346108886402651e-124,0,1,0,71,2021-03-01
2021-08-01,origin_2022_04,3.257448884637741e-113,0,1,0,71,2021-03-01
2021-09-01,origin_2022_04,8.016998658638223e-100,0,1,0,71,2021-03-01
2021-10-01,origin_2022_04,4.838956205614278e-92,0,1,0,71,2021-03-01
2021-11-01,origin_2022_04,4.10053680137981e-97,0,1,0,71,2021-03-01
2021-12-01,origin_2022_04,3.457379555635165e-95,0,1,0,71,2021-03-01
2022-01-01,origin_2022_04,3.169425800275988e-86,0,1,0,71,2021-03-01
2022-02-01,origin_2022_04,4.969268835554684e-79,0,1,0,71,2021-03-01
2022-03-01,origin_2022_04,1.3511397453114593e-59,0,1,0,71,2021-03-01
2022-04-01,origin_2022_04,1.0,1,0,0,71,2021-03-01
2022-05-01,origin_2022_04,1.0,1,0,0,71,2021-03-01
2022-06-01,origin_2022_04,1.0,1,0,0,71,2021-03-01
2022-07-01,origin_2022_04,1.0,1,0,0,71,2021-03-01
2022-08-01,origin_2022_04,1.0,1,0,0,71,2021-03-01
2022-09-01,origin_2022_04,1.0,1,0,0,71,2021-03-01
2022-10-01,origin_2022_04,1.0,1,0,0,71,2021-03-01
2022-11-01,origin_2022_04,1.0,1,0,0,71,2021-03-01
2022-12-01,origin_2022_04,1.0,1,0,0,71,2021-03-01
2023-01-01,origin_2022_04,1.0,1,0,0,71,2021-03-01
2023-02-01,origin_2022_04,1.0,1,0,0,71,2021-03-01
2023-03-01,origin_2022_04,1.0,1,0,0,71,2021-03-01
2014-01-01,origin_2023_04,1.0,1,1,1,71,2022-03-01
2014-02-01,origin_2023_04,0.9999816255542427,1,1,1,71,2022-03-01
2014-03-01,origin_2023_04,0.9999996083666728,1,1,1,71,2022-03-01
2014-04-01,origin_2023_04,0.9999996679631239,1,1,1,71,2022-03-01
2014-05-01,origin_2023_04,0.9999995644065159,1,1,1,71,2022-03-01
2014-06-01,origin_2023_04,0.9999999080982953,1,1,1,71,2022-03-01
2014-07-01,origin_2023_04,0.9999995496522317,1,1,1,71,2022-03-01
2014-08-01,origin_2023_04,0.9999990976134282,1,1,1,71,2022-03-01
2014-09-01,origin_2023_04,0.999998974530488,1,1,1,71,2022-03-01
2014-10-01,origin_2023_04,0.9999789579341072,1,1,1,71,2022-03-01
2014-11-01,origin_2023_04,0.9999970163318059,1,1,1,71,2022-03-01
2014-12-01,origin_2023_04,0.9998423499061603,1,1,1,71,2022-03-01
2015-01-01,origin_2023_04,0.9989468726482795,1,1,1,71,2022-03-01
2015-02-01,origin_2023_04,0.9999751946719334,1,1,1,71,2022-03-01
2015-03-01,origin_2023_04,0.9999818264987982,1,1,1,71,2022-03-01
2015-04-01,origin_2023_04,0.9999031495448132,1,1,1,71,2022-03-01
2015-05-01,origin_2023_04,0.9999784359351704,1,1,1,71,2022-03-01
2015-06-01,origin_2023_04,0.9999551128681479,1,1,1,71,2022-03-01
2015-07-01,origin_2023_04,0.9999762062500118,1,1,1,71,2022-03-01
2015-08-01,origin_2023_04,0.9999273408118623,1,1,1,71,2022-03-01
2015-09-01,origin_2023_04,0.9996851905023331,1,1,1,71,2022-03-01
2015-10-01,origin_2023_04,0.9999033331018581,1,1,1,71,2022-03-01
2015-11-01,origin_2023_04,0.9999787007267967,1,1,1,71,2022-03-01
2015-12-01,origin_2023_04,0.9999427632869154,1,1,1,71,2022-03-01
2016-01-01,origin_2023_04,0.9998606475906342,1,1,1,71,2022-03-01
2016-02-01,origin_2023_04,0.999776316586782,1,1,1,71,2022-03-01
2016-03-01,origin_2023_04,0.9998619324887773,1,1,1,71,2022-03-01
2016-04-01,origin_2023_04,0.9997148402079332,1,1,1,71,2022-03-01
2016-05-01,origin_2023_04,0.9999025898581457,1,1,1,71,2022-03-01
2016-06-01,origin_2023_04,0.9998354324262053,1,1,1,71,2022-03-01
2016-07-01,origin_2023_04,0.9996228916908612,1,1,1,71,2022-03-01
2016-08-01,origin_2023_04,0.9997958009948804,1,1,1,71,2022-03-01
2016-09-01,origin_2023_04,0.9998551036225414,1,1,1,71,2022-03-01
2016-10-01,origin_2023_04,0.998931152411416,1,1,1,71,2022-03-01
2016-11-01,origin_2023_04,0.9999788708485644,1,1,1,71,2022-03-01
2016-12-01,origin_2023_04,0.9999972045988893,1,1,1,71,2022-03-01
2017-01-01,origin_2023_04,0.9999863263972151,1,1,1,71,2022-03-01
2017-02-01,origin_2023_04,0.9999800979851947,1,1,1,71,2022-03-01
2017-03-01,origin_2023_04,0.9999926958125346,1,1,1,71,2022-03-01
2017-04-01,origin_2023_04,0.9999444700026766,1,1,1,71,2022-03-01
2017-05-01,origin_2023_04,0.999985547592588,1,1,1,71,2022-03-01
2017-06-01,origin_2023_04,0.9999883867841759,1,1,1,71,2022-03-01
2017-07-01,origin_2023_04,0.999998409841481,1,1,1,71,2022-03-01
2017-08-01,origin_2023_04,0.9999524472462695,1,1,1,71,2022-03-01
2017-09-01,origin_2023_04,0.9999883643867228,1,1,1,71,2022-03-01
2017-10-01,origin_2023_04,0.9999862708458089,1,1,1,71,2022-03-01
2017-11-01,origin_2023_04,0.9999951589641757,1,1,1,71,2022-03-01
2017-12-01,origin_2023_04,0.99999909341459,1,1,1,71,2022-03-01
2018-01-01,origin_2023_04,0.9999980287450394,1,1,1,71,2022-03-01
2018-02-01,origin_2023_04,0.9999990564931697,1,1,1,71,2022-03-01
2018-03-01,origin_2023_04,0.9999973056628353,1,1,1,71,2022-03-01
2018-04-01,origin_2023_04,0.9999997693329199,1,1,1,71,2022-03-01
2018-05-01,origin_2023_04,0.999999983731873,1,1,1,71,2022-03-01
2018-06-01,origin_2023_04,0.9999999262909591,1,1,1,71,2022-03-01
2018-07-01,origin_2023_04,0.9999999681065049,1,1,1,71,2022-03-01
2018-08-01,origin_2023_04,0.9999999933704626,1,1,1,71,2022-03-01
2018-09-01,origin_2023_04,0.9999999986674424,1,1,1,71,2022-03-01
2018-10-01,origin_2023_04,0.9999999997390159,1,1,1,71,2022-03-01
2018-11-01,origin_2023_04,0.9999999915460589,1,1,1,71,2022-03-01
2018-12-01,origin_2023_04,0.9999995222792077,1,1,1,71,2022-03-01
2019-01-01,origin_2023_04,0.9999963421978402,1,1,1,71,2022-03-01
2019-02-01,origin_2023_04,0.9999999748258411,1,1,1,71,2022-03-01
2019-03-01,origin_2023_04,0.9999999490951446,1,1,1,71,2022-03-01
2019-04-01,origin_2023_04,0.9999999873439939,1,1,1,71,2022-03-01
2019-05-01,origin_2023_04,0.9999998749263039,1,1,1,71,2022-03-01
2019-06-01,origin_2023_04,0.9999987749751237,1,1,1,71,2022-03-01
2019-07-01,origin_2023_04,0.9999998566317546,1,1,1,71,2022-03-01
2019-08-01,origin_2023_04,0.9999842707598793,1,1,1,71,2022-03-01
2019-09-01,origin_2023_04,0.9999995868347434,1,1,1,71,2022-03-01
2019-10-01,origin_2023_04,0.9999996562416448,1,1,1,71,2022-03-01
2019-11-01,origin_2023_04,0.9999998377251411,1,1,1,71,2022-03-01
2019-12-01,origin_2023_04,0.9999993864028127,1,1,1,71,2022-03-01
2020-01-01,origin_2023_04,0.9999982027024675,1,1,1,71,2022-03-01
2020-02-01,origin_2023_04,0.9998651499271372,1,1,1,71,2022-03-01
2020-03-01,origin_2023_04,1.5194641661792296e-37,0,0,1,71,2022-03-01
2020-04-01,origin_2023_04,1.5162405028211238e-268,0,0,1,71,2022-03-01
2020-05-01,origin_2023_04,2.9299024577757313e-19,0,0,1,71,2022-03-01
2020-06-01,origin_2023_04,1.891667430467967e-14,0,0,1,71,2022-03-01
2020-07-01,origin_2023_04,4.340781514444177e-25,0,0,1,71,2022-03-01
2020-08-01,origin_2023_04,6.350851435703588e-19,0,0,1,71,2022-03-01
2020-09-01,origin_2023_04,2.2670032772891255e-23,0,0,1,71,2022-03-01
2020-10-01,origin_2023_04,8.523515194136659e-30,0,0,1,71,2022-03-01
2020-11-01,origin_2023_04,5.013349895689493e-39,0,0,1,71,2022-03-01
2020-12-01,origin_2023_04,1.1778249985306828e-40,0,0,1,71,2022-03-01
2021-01-01,origin_2023_04,8.072480847992018e-45,0,0,1,71,2022-03-01
2021-02-01,origin_2023_04,1.2249162668225999e-48,0,0,1,71,2022-03-01
2021-03-01,origin_2023_04,1.7422033443864497e-62,0,0,1,71,2022-03-01
2021-04-01,origin_2023_04,2.2781134576061387e-80,0,0,1,71,2022-03-01
2021-05-01,origin_2023_04,1.0073001388411655e-113,0,0,1,71,2022-03-01
2021-06-01,origin_2023_04,9.572233828098452e-127,0,0,1,71,2022-03-01
2021-07-01,origin_2023_04,2.456686076354827e-128,0,0,1,71,2022-03-01
2021-08-01,origin_2023_04,8.812572557251239e-118,0,0,1,71,2022-03-01
2021-09-01,origin_2023_04,8.463598416665254e-105,0,0,1,71,2022-03-01
2021-10-01,origin_2023_04,8.796686742820922e-99,0,0,1,71,2022-03-01
2021-11-01,origin_2023_04,3.2433637752088544e-102,0,0,1,71,2022-03-01
2021-12-01,origin_2023_04,1.7208672422950557e-101,0,0,1,71,2022-03-01
2022-01-01,origin_2023_04,8.553335495293091e-107,0,0,1,71,2022-03-01
2022-02-01,origin_2023_04,9.650721713108456e-111,0,0,1,71,2022-03-01
2022-03-01,origin_2023_04,6.87131347416395e-113,0,0,1,71,2022-03-01
2022-04-01,origin_2023_04,1.1273664220027496e-87,0,0,1,71,2022-03-01
2022-05-01,origin_2023_04,3.1509321193097404e-86,0,0,1,71,2022-03-01
2022-06-01,origin_2023_04,1.0991815421674416e-69,0,0,1,71,2022-03-01
2022-07-01,origin_2023_04,2.674252227507975e-42,0,0,1,71,2022-03-01
2022-08-01,origin_2023_04,1.625044541393566e-25,0,0,1,71,2022-03-01
2022-09-01,origin_2023_04,1.5718082566763187e-21,0,0,1,71,2022-03-01
2022-10-01,origin_2023_04,4.95777197590416e-18,0,0,1,71,2022-03-01
2022-11-01,origin_2023_04,1.928259733726603e-20,0,0,1,71,2022-03-01
2022-12-01,origin_2023_04,1.591045195690878e-13,0,0,1,71,2022-03-01
2023-01-01,origin_2023_04,2.387491977085028e-08,0,0,1,71,2022-03-01
2023-02-01,origin_2023_04,5.387231576038457e-06,0,0,1,71,2022-03-01
2023-03-01,origin_2023_04,8.857195651500004e-16,0,0,1,71,2022-03-01
2023-04-01,origin_2023_04,2.046262543038799e-21,0,0,1,71,2022-03-01
2023-05-01,origin_2023_04,9.006830937461194e-28,0,0,1,71,2022-03-01
2023-06-01,origin_2023_04,4.689710988421822e-16,0,0,1,71,2022-03-01
2023-07-01,origin_2023_04,7.298810171841867e-06,0,0,1,71,2022-03-01
2023-08-01,origin_2023_04,0.8331219225596114,1,1,1,71,2022-03-01
2023-09-01,origin_2023_04,0.9999999918108671,1,1,1,71,2022-03-01
2023-10-01,origin_2023_04,0.9999822711404536,1,1,1,71,2022-03-01
2023-11-01,origin_2023_04,0.9999977760085844,1,1,1,71,2022-03-01
2023-12-01,origin_2023_04,0.9999999999998792,1,1,1,71,2022-03-01
2024-01-01,origin_2023_04,1.0,1,1,1,71,2022-03-01
2024-02-01,origin_2023_04,0.9999999999980176,1,1,1,71,2022-03-01
2024-03-01,origin_2023_04,1.0,1,1,1,71,2022-03-01
