fold,model,feature,standardized_coefficient,basis_kind,basis_mean,basis_scale,raw_basis_coefficient,standardized_model_intercept,raw_basis_intercept
origin_2021_04,baseline_logit,credit_score,-0.3823411464691162,main,748.1173139988488,47.1682274904999,-0.008105904478732492,-4.893822303005127,-4.239074320890037
origin_2021_04,baseline_logit,mi_percent,0.11494714766740799,main,6.62985482097222,11.530037457933899,0.009969364634484518,-4.893822303005127,-4.239074320890037
origin_2021_04,baseline_logit,number_of_units,-0.01029068324714899,main,1.0359575473771776,0.251182089753585,-0.04096901676884833,-4.893822303005127,-4.239074320890037
origin_2021_04,baseline_logit,original_cltv,0.039801225066185,main,74.56111416494882,17.797919893705604,0.0022362852121983684,-4.893822303005127,-4.239074320890037
origin_2021_04,baseline_logit,original_dti,0.34217119216918945,main,34.5058039577055,9.172986819781435,0.037302047729023374,-4.893822303005127,-4.239074320890037
origin_2021_04,baseline_logit,original_upb,-0.26413172483444214,main,221622.1226856672,116899.51369288522,-2.25947667779321e-06,-4.893822303005127,-4.239074320890037
origin_2021_04,baseline_logit,original_ltv,0.059047162532806396,main,73.95505195821805,17.643263743925562,0.003346725605297142,-4.893822303005127,-4.239074320890037
origin_2021_04,baseline_logit,original_interest_rate,0.28721022605895996,main,4.046326703062165,0.5462824854143776,0.5257540443404464,-4.893822303005127,-4.239074320890037
origin_2021_04,baseline_logit,original_loan_term,-0.14298264682292938,main,317.81092034186474,74.45980414836427,-0.0019202662222698099,-4.893822303005127,-4.239074320890037
origin_2021_04,baseline_logit,number_of_borrowers,-0.2710898220539093,main,1.4889656305239578,0.5034189260803903,-0.5384974779645438,-4.893822303005127,-4.239074320890037
origin_2021_04,baseline_logit,loan_age_months,0.4273296296596527,main,18.364458281945367,13.924140894514316,0.030689838094643776,-4.893822303005127,-4.239074320890037
origin_2021_04,baseline_logit,remaining_months_to_legal_maturity,-0.08357978612184525,main,299.4500456144524,76.59076782486609,-0.0010912514457742527,-4.893822303005127,-4.239074320890037
origin_2021_04,baseline_logit,current_actual_upb,0.5886285305023193,main,210752.25690989394,113929.25499409472,5.166614409379133e-06,-4.893822303005127,-4.239074320890037
origin_2021_04,baseline_logit,current_interest_rate,0.27073025703430176,main,4.046316948010241,0.5462783073070575,0.4955903491187451,-4.893822303005127,-4.239074320890037
origin_2021_04,baseline_logit,credit_score_missing,-0.043216586112976074,main,6.423850786725768e-05,0.008014635442823626,-5.392208594050598,-4.893822303005127,-4.239074320890037
origin_2021_04,baseline_logit,mi_percent_missing,0.0,main,0.0,1.0,0.0,-4.893822303005127,-4.239074320890037
origin_2021_04,baseline_logit,number_of_units_missing,0.0,main,0.0,1.0,0.0,-4.893822303005127,-4.239074320890037
origin_2021_04,baseline_logit,original_cltv_missing,0.21112264692783356,main,1.1757180484988807e-05,0.003428854364608659,61.572357550954,-4.893822303005127,-4.239074320890037
origin_2021_04,baseline_logit,original_dti_missing,-0.0911579579114914,main,0.05687749052013426,0.2316083797971617,-0.39358661371115256,-4.893822303005127,-4.239074320890037
origin_2021_04,baseline_logit,original_ltv_missing,-0.27217280864715576,main,1.1416392644844204e-05,0.0033787959853804695,-80.55319404450746,-4.893822303005127,-4.239074320890037
origin_2021_04,baseline_logit,number_of_borrowers_missing,0.0,main,0.0,1.0,0.0,-4.893822303005127,-4.239074320890037
origin_2021_04,baseline_logit,current_delinquency_months,0.07318083196878433,main,0.007309899171101736,0.09528556397557579,0.7680159398284352,-4.893822303005127,-4.239074320890037
origin_2021_04,baseline_logit,current_30_dpd,0.06839744746685028,main,0.006398462092634996,0.07973406910150835,0.8578196025562728,-4.893822303005127,-4.239074320890037
origin_2021_04,baseline_logit,current_60_dpd,0.05036379396915436,main,0.000911437078466741,0.030176254918706145,1.6689875567671597,-4.893822303005127,-4.239074320890037
origin_2021_04,baseline_logit,recent_30_dpd_3m,0.07711753994226456,main,0.01173008785169731,0.10766843962224387,0.7162501863390279,-4.893822303005127,-4.239074320890037
origin_2021_04,baseline_logit,recent_60_dpd_3m,0.03702583163976669,main,0.0014602758950196242,0.03818564506892674,0.9696269782252852,-4.893822303005127,-4.239074320890037
origin_2021_04,baseline_logit,ever_30_dpd,0.19623695313930511,main,0.036621572483699266,0.18783086251338044,1.0447535112890505,-4.893822303005127,-4.239074320890037
origin_2021_04,baseline_logit,ever_60_dpd,0.005751452408730984,main,0.0037645128761573583,0.06124003036382823,0.09391655057258286,-4.893822303005127,-4.239074320890037
origin_2021_04,baseline_logit,months_since_30_dpd,0.1600387543439865,main,18.461500686517105,13.774882377461484,0.011618157597181558,-4.893822303005127,-4.239074320890037
origin_2021_04,baseline_logit,months_since_60_dpd,0.0703708827495575,main,19.028060129969667,13.8550956305739,0.005079061496643212,-4.893822303005127,-4.239074320890037
origin_2021_04,baseline_logit,delinquent_30_months_3m,-9.406983735971153e-05,main,0.017513939074631515,0.17972867993708408,-0.0005233991447143643,-4.893822303005127,-4.239074320890037
origin_2021_04,baseline_logit,delinquent_30_months_6m,0.06329867988824844,main,0.031313801873447074,0.2949497589265678,0.21460834590479394,-4.893822303005127,-4.239074320890037
origin_2021_04,baseline_logit,delinquent_30_months_12m,-0.011351970955729485,main,0.05183928309143644,0.4600312041482235,-0.02467652379526812,-4.893822303005127,-4.239074320890037
origin_2021_04,baseline_logit,delinquent_60_months_3m,-0.012034386396408081,main,0.0020176344075761225,0.05854187834271549,-0.20556884638986903,-4.893822303005127,-4.239074320890037
origin_2021_04,baseline_logit,delinquent_60_months_6m,0.043176230043172836,main,0.0032086879088815104,0.08681567959571503,0.49733216677260095,-4.893822303005127,-4.239074320890037
origin_2021_04,baseline_logit,delinquent_60_months_12m,0.005957921966910362,main,0.004779890245868203,0.12202051536706789,0.04882721523497471,-4.893822303005127,-4.239074320890037
origin_2021_04,baseline_logit,cured_from_30_dpd,0.008556388318538666,main,0.0029392951212472017,0.05413553052697843,0.15805494534268197,-4.893822303005127,-4.239074320890037
origin_2021_04,baseline_logit,cumulative_30_dpd_cures,0.032589785754680634,main,0.04704439818060188,0.31438335543037665,0.10366256734573841,-4.893822303005127,-4.239074320890037
origin_2021_04,baseline_logit,months_since_30_dpd_cure,-0.16535069048404694,main,18.51510320589345,13.751982341860073,-0.012023771291556346,-4.893822303005127,-4.239074320890037
origin_2021_04,macro_logit,credit_score,-0.5296353697776794,main,748.1173139988488,47.1682274904999,-0.011228646865824091,-5.687249446002476,18.170640241442744
origin_2021_04,macro_logit,mi_percent,0.05183536931872368,main,6.62985482097222,11.530037457933899,0.004495680912385536,-5.687249446002476,18.170640241442744
origin_2021_04,macro_logit,number_of_units,-0.02665041759610176,main,1.0359575473771776,0.251182089753585,-0.10609999153302048,-5.687249446002476,18.170640241442744
origin_2021_04,macro_logit,original_cltv,0.09707798808813095,main,74.56111416494882,17.797919893705604,0.005454456962831002,-5.687249446002476,18.170640241442744
origin_2021_04,macro_logit,original_dti,0.3543951213359833,main,34.5058039577055,9.172986819781435,0.038634648484584595,-5.687249446002476,18.170640241442744
origin_2021_04,macro_logit,original_upb,-0.6860048770904541,main,221622.1226856672,116899.51369288522,-5.868329605653492e-06,-5.687249446002476,18.170640241442744
origin_2021_04,macro_logit,original_ltv,0.10814458876848221,main,73.95505195821805,17.643263743925562,0.006129511542654093,-5.687249446002476,18.170640241442744
origin_2021_04,macro_logit,original_interest_rate,0.04907383397221565,main,4.046326703062165,0.5462824854143776,0.08983234001176359,-5.687249446002476,18.170640241442744
origin_2021_04,macro_logit,original_loan_term,-0.28971871733665466,main,317.81092034186474,74.45980414836427,-0.003890941168195635,-5.687249446002476,18.170640241442744
origin_2021_04,macro_logit,number_of_borrowers,-0.1857198178768158,main,1.4889656305239578,0.5034189260803903,-0.36891703560457406,-5.687249446002476,18.170640241442744
origin_2021_04,macro_logit,loan_age_months,0.024150079116225243,main,18.364458281945367,13.924140894514316,0.001734403529753109,-5.687249446002476,18.170640241442744
origin_2021_04,macro_logit,remaining_months_to_legal_maturity,0.23440100252628326,main,299.4500456144524,76.59076782486609,0.0030604341643665077,-5.687249446002476,18.170640241442744
origin_2021_04,macro_logit,current_actual_upb,1.1050468683242798,main,210752.25690989394,113929.25499409472,9.699412748565393e-06,-5.687249446002476,18.170640241442744
origin_2021_04,macro_logit,current_interest_rate,0.20753653347492218,main,4.046316948010241,0.5462783073070575,0.37990989336186104,-5.687249446002476,18.170640241442744
origin_2021_04,macro_logit,credit_score_missing,-1.2122057676315308,main,6.423850786725768e-05,0.008014635442823626,-151.24902140333162,-5.687249446002476,18.170640241442744
origin_2021_04,macro_logit,mi_percent_missing,0.0,main,0.0,1.0,0.0,-5.687249446002476,18.170640241442744
origin_2021_04,macro_logit,number_of_units_missing,0.0,main,0.0,1.0,0.0,-5.687249446002476,18.170640241442744
origin_2021_04,macro_logit,original_cltv_missing,1.180079460144043,main,1.1757180484988807e-05,0.003428854364608659,344.1614413036546,-5.687249446002476,18.170640241442744
origin_2021_04,macro_logit,original_dti_missing,0.05842774361371994,main,0.05687749052013426,0.2316083797971617,0.2522695580569661,-5.687249446002476,18.170640241442744
origin_2021_04,macro_logit,original_ltv_missing,-4.105340003967285,main,1.1416392644844204e-05,0.0033787959853804695,-1215.0304492282044,-5.687249446002476,18.170640241442744
origin_2021_04,macro_logit,number_of_borrowers_missing,0.0,main,0.0,1.0,0.0,-5.687249446002476,18.170640241442744
origin_2021_04,macro_logit,current_delinquency_months,0.045205384492874146,main,0.007309899171101736,0.09528556397557579,0.47442007589377844,-5.687249446002476,18.170640241442744
origin_2021_04,macro_logit,current_30_dpd,0.024554729461669922,main,0.006398462092634996,0.07973406910150835,0.3079578119913789,-5.687249446002476,18.170640241442744
origin_2021_04,macro_logit,current_60_dpd,0.07126229256391525,main,0.000911437078466741,0.030176254918706145,2.3615353447899206,-5.687249446002476,18.170640241442744
origin_2021_04,macro_logit,recent_30_dpd_3m,0.12585154175758362,main,0.01173008785169731,0.10766843962224387,1.1688805205976365,-5.687249446002476,18.170640241442744
origin_2021_04,macro_logit,recent_60_dpd_3m,-0.3033309280872345,main,0.0014602758950196242,0.03818564506892674,-7.943585280272445,-5.687249446002476,18.170640241442744
origin_2021_04,macro_logit,ever_30_dpd,0.17200736701488495,main,0.036621572483699266,0.18783086251338044,0.9157566797769016,-5.687249446002476,18.170640241442744
origin_2021_04,macro_logit,ever_60_dpd,0.05734472721815109,main,0.0037645128761573583,0.06124003036382823,0.9363928606413964,-5.687249446002476,18.170640241442744
origin_2021_04,macro_logit,months_since_30_dpd,0.18423530459403992,main,18.461500686517105,13.774882377461484,0.013374727968311833,-5.687249446002476,18.170640241442744
origin_2021_04,macro_logit,months_since_60_dpd,0.005852328147739172,main,19.028060129969667,13.8550956305739,0.00042239536296125583,-5.687249446002476,18.170640241442744
origin_2021_04,macro_logit,delinquent_30_months_3m,-0.0014419982908293605,main,0.017513939074631515,0.17972867993708408,-0.008023195248160434,-5.687249446002476,18.170640241442744
origin_2021_04,macro_logit,delinquent_30_months_6m,-0.11022766679525375,main,0.031313801873447074,0.2949497589265678,-0.37371675500401613,-5.687249446002476,18.170640241442744
origin_2021_04,macro_logit,delinquent_30_months_12m,-0.024104025214910507,main,0.05183928309143644,0.4600312041482235,-0.05239650049291898,-5.687249446002476,18.170640241442744
origin_2021_04,macro_logit,delinquent_60_months_3m,0.21297413110733032,main,0.0020176344075761225,0.05854187834271549,3.637979120870337,-5.687249446002476,18.170640241442744
origin_2021_04,macro_logit,delinquent_60_months_6m,-0.13168737292289734,main,0.0032086879088815104,0.08681567959571503,-1.516861626104198,-5.687249446002476,18.170640241442744
origin_2021_04,macro_logit,delinquent_60_months_12m,-0.018609805032610893,main,0.004779890245868203,0.12202051536706789,-0.15251373899403717,-5.687249446002476,18.170640241442744
origin_2021_04,macro_logit,cured_from_30_dpd,0.08156197518110275,main,0.0029392951212472017,0.05413553052697843,1.5066255818894463,-5.687249446002476,18.170640241442744
origin_2021_04,macro_logit,cumulative_30_dpd_cures,0.037547241896390915,main,0.04704439818060188,0.31438335543037665,0.11943139243167131,-5.687249446002476,18.170640241442744
origin_2021_04,macro_logit,months_since_30_dpd_cure,-0.2218489795923233,main,18.51510320589345,13.751982341860073,-0.016132145466550705,-5.687249446002476,18.170640241442744
origin_2021_04,macro_logit,inflation,0.3205121159553528,main,1.9449826875581517,0.5796526722148211,0.5529382185554214,-5.687249446002476,18.170640241442744
origin_2021_04,macro_logit,policy_rate,0.21733395755290985,main,1.4839672674681226,0.7134134172693629,0.3046395712387496,-5.687249446002476,18.170640241442744
origin_2021_04,macro_logit,unemployment,-1.977828025817871,main,4.0886425168556135,0.4740467298786875,-4.1722216422081715,-5.687249446002476,18.170640241442744
origin_2021_04,macro_logit,unemployment_change,0.3355288803577423,main,-0.010238085651955817,0.17046428732365543,1.9683236038800531,-5.687249446002476,18.170640241442744
origin_2021_04,macro_logit,house_price_growth,-0.22933711111545563,main,5.721787863043119,0.5938625064900138,-0.3861788016740405,-5.687249446002476,18.170640241442744
origin_2021_04,macro_logit,mortgage_rate,-0.5159727334976196,main,4.051040030472256,0.3999224134013554,-1.290182085843231,-5.687249446002476,18.170640241442744
origin_2021_04,macro_logit,mortgage_spread,0.3556324243545532,main,1.7378757808551704,0.17678760357515694,2.0116366598258955,-5.687249446002476,18.170640241442744
origin_2021_04,macro_logit,long_rate,-0.5247765779495239,main,2.3131642262938636,0.5124510904781528,-1.0240520270136815,-5.687249446002476,18.170640241442744
origin_2021_04,macro_logit,long_rate_change,0.2735160291194916,main,-0.03039026511802955,0.17742293280160795,1.5416047114119893,-5.687249446002476,18.170640241442744
origin_2021_04,macro_logit,yield_curve,1.3033770322799683,main,0.5423492636304227,0.39960867358456076,3.261633489054291,-5.687249446002476,18.170640241442744
origin_2021_04,macro_logit,initial_claims,1.9763550758361816,main,276149.2996469097,304898.0092075393,6.482020269574497e-06,-5.687249446002476,18.170640241442744
origin_2021_04,macro_logit,initial_claims_change,-2.2747035026550293,main,44304.07081298688,307595.2476581847,-7.395119137805388e-06,-5.687249446002476,18.170640241442744
origin_2021_04,macro_logit,payroll_growth,0.2203318029642105,main,1.5144685358454852,0.24958405554435226,0.8827959882439547,-5.687249446002476,18.170640241442744
origin_2021_04,macro_logit,real_income_growth,-0.08050987124443054,main,3.043447871179903,0.8715694304608927,-0.09237344545443303,-5.687249446002476,18.170640241442744
origin_2021_04,macro_logit,financial_conditions,0.13335126638412476,main,-0.5104807099878899,0.11621040782843967,1.1474984803511745,-5.687249446002476,18.170640241442744
origin_2021_04,macro_logit,consumer_sentiment,-0.041945572942495346,main,96.17438450818183,3.443692447955897,-0.012180406228608874,-5.687249446002476,18.170640241442744
origin_2021_04,macro_logit,consumer_sentiment_change,-0.15924836695194244,main,-0.10693711224406548,3.460683791287451,-0.04601644546458217,-5.687249446002476,18.170640241442744
origin_2021_04,regime_aware_logit,credit_score,-0.41397300362586975,main,748.1173139988488,47.16822749049413,-0.00877652236792867,-4.932944805309601,-4.2422453061424585
origin_2021_04,regime_aware_logit,mi_percent,0.12367478013038635,main,6.62985482097222,11.53003745748558,0.010726312085837474,-4.932944805309601,-4.2422453061424585
origin_2021_04,regime_aware_logit,number_of_units,-0.0077056908048689365,main,1.0359575473771776,0.2511820897629035,-0.030677708001165663,-4.932944805309601,-4.2422453061424585
origin_2021_04,regime_aware_logit,original_cltv,0.039416249841451645,main,74.56111416494882,17.7979198934906,0.002214654862890338,-4.932944805309601,-4.2422453061424585
origin_2021_04,regime_aware_logit,original_dti,0.3972329795360565,main,34.5058039577055,9.172986819649637,0.043304649548294986,-4.932944805309601,-4.2422453061424585
origin_2021_04,regime_aware_logit,original_upb,-0.4098402261734009,main,221622.1226856672,116899.51369286943,-3.5059190002293406e-06,-4.932944805309601,-4.2422453061424585
origin_2021_04,regime_aware_logit,original_ltv,0.08115503191947937,main,73.95505195821805,17.643263743888202,0.004599774344335371,-4.932944805309601,-4.2422453061424585
origin_2021_04,regime_aware_logit,original_interest_rate,0.2986248731613159,main,4.046326703062165,0.5462824854117445,0.5466491808468582,-4.932944805309601,-4.2422453061424585
origin_2021_04,regime_aware_logit,original_loan_term,-0.2662104368209839,main,317.81092034186474,74.45980414650997,-0.0035752234359518057,-4.932944805309601,-4.2422453061424585
origin_2021_04,regime_aware_logit,number_of_borrowers,-0.2554372251033783,main,1.4889656305239578,0.5034189260933143,-0.5074048905662918,-4.932944805309601,-4.2422453061424585
origin_2021_04,regime_aware_logit,loan_age_months,0.4679775834083557,main,18.364458281945367,13.924140894532623,0.03360908130368813,-4.932944805309601,-4.2422453061424585
origin_2021_04,regime_aware_logit,remaining_months_to_legal_maturity,0.07592793554067612,main,299.4500456144524,76.59076782545007,0.000991345793969783,-4.932944805309601,-4.2422453061424585
origin_2021_04,regime_aware_logit,current_actual_upb,0.7089713215827942,main,210752.25690989394,113929.25499409625,6.222908432250634e-06,-4.932944805309601,-4.2422453061424585
origin_2021_04,regime_aware_logit,current_interest_rate,0.2893677353858948,main,4.046316948010241,0.5462783073069482,0.5297075346308819,-4.932944805309601,-4.2422453061424585
origin_2021_04,regime_aware_logit,credit_score_missing,-0.29443132877349854,main,6.423850786725768e-05,0.008014635442820392,-36.736708846470826,-4.932944805309601,-4.2422453061424585
origin_2021_04,regime_aware_logit,mi_percent_missing,0.0,main,0.0,1.0,0.0,-4.932944805309601,-4.2422453061424585
origin_2021_04,regime_aware_logit,number_of_units_missing,0.0,main,0.0,1.0,0.0,-4.932944805309601,-4.2422453061424585
origin_2021_04,regime_aware_logit,original_cltv_missing,0.5179962515830994,main,1.1757180484988807e-05,0.003428854364300595,151.06977332609992,-4.932944805309601,-4.2422453061424585
origin_2021_04,regime_aware_logit,original_dti_missing,-0.1379949301481247,main,0.05687749052013426,0.23160837978730314,-0.5958114739840239,-4.932944805309601,-4.2422453061424585
origin_2021_04,regime_aware_logit,original_ltv_missing,-0.8518660664558411,main,1.1416392644844204e-05,0.003378795985355714,-252.12119055070974,-4.932944805309601,-4.2422453061424585
origin_2021_04,regime_aware_logit,number_of_borrowers_missing,0.0,main,0.0,1.0,0.0,-4.932944805309601,-4.2422453061424585
origin_2021_04,regime_aware_logit,current_delinquency_months,0.04768165946006775,main,0.007309899171101736,0.09528556397348958,0.5004080101087902,-4.932944805309601,-4.2422453061424585
origin_2021_04,regime_aware_logit,current_30_dpd,0.036518923938274384,main,0.006398462092634996,0.07973406910206986,0.4580090336481569,-4.932944805309601,-4.2422453061424585
origin_2021_04,regime_aware_logit,current_60_dpd,0.053952980786561966,main,0.000911437078466741,0.030176254919254374,1.7879283208247465,-4.932944805309601,-4.2422453061424585
origin_2021_04,regime_aware_logit,recent_30_dpd_3m,0.017046477645635605,main,0.01173008785169731,0.10766843961733066,0.15832381063774373,-4.932944805309601,-4.2422453061424585
origin_2021_04,regime_aware_logit,recent_60_dpd_3m,0.024123569950461388,main,0.0014602758950196242,0.03818564506946499,0.6317444659263256,-4.932944805309601,-4.2422453061424585
origin_2021_04,regime_aware_logit,ever_30_dpd,0.15907534956932068,main,0.036621572483699266,0.1878308625241355,0.8469074114424627,-4.932944805309601,-4.2422453061424585
origin_2021_04,regime_aware_logit,ever_60_dpd,0.016251206398010254,main,0.0037645128761573583,0.06124003036440031,0.26536901274068125,-4.932944805309601,-4.2422453061424585
origin_2021_04,regime_aware_logit,months_since_30_dpd,0.09183372557163239,main,18.461500686517105,13.774882377469508,0.006666752067650145,-4.932944805309601,-4.2422453061424585
origin_2021_04,regime_aware_logit,months_since_60_dpd,0.03054402582347393,main,19.028060129969667,13.855095630564039,0.002204533742523904,-4.932944805309601,-4.2422453061424585
origin_2021_04,regime_aware_logit,delinquent_30_months_3m,-0.03105849213898182,main,0.017513939074631515,0.17972867994504005,-0.172807657344834,-4.932944805309601,-4.2422453061424585
origin_2021_04,regime_aware_logit,delinquent_30_months_6m,-0.03166941553354263,main,0.031313801873447074,0.2949497589384466,-0.10737223738552626,-4.932944805309601,-4.2422453061424585
origin_2021_04,regime_aware_logit,delinquent_30_months_12m,0.0005376542685553432,main,0.05183928309143644,0.4600312041427054,0.0011687343460913544,-4.932944805309601,-4.2422453061424585
origin_2021_04,regime_aware_logit,delinquent_60_months_3m,-0.05233914032578468,main,0.0020176344075761225,0.05854187834173857,-0.8940461394192827,-4.932944805309601,-4.2422453061424585
origin_2021_04,regime_aware_logit,delinquent_60_months_6m,0.07718778401613235,main,0.0032086879088815104,0.08681567959015195,0.8890995771792386,-4.932944805309601,-4.2422453061424585
origin_2021_04,regime_aware_logit,delinquent_60_months_12m,0.11816029995679855,main,0.004779890245868203,0.1220205153677157,0.9683642099094224,-4.932944805309601,-4.2422453061424585
origin_2021_04,regime_aware_logit,cured_from_30_dpd,-0.026174908503890038,main,0.0029392951212472017,0.054135530526837485,-0.4835070100756457,-4.932944805309601,-4.2422453061424585
origin_2021_04,regime_aware_logit,cumulative_30_dpd_cures,0.0358121283352375,main,0.04704439818060188,0.314383355440437,0.11391229120595878,-4.932944805309601,-4.2422453061424585
origin_2021_04,regime_aware_logit,months_since_30_dpd_cure,-0.11378053575754166,main,18.51510320589345,13.751982341838445,-0.00827375522519256,-4.932944805309601,-4.2422453061424585
origin_2021_04,regime_aware_logit,p_stress,-0.71630859375,main,0.17109020306227435,0.3734152816171695,-1.9182626662943307,-4.932944805309601,-4.2422453061424585
origin_2021_04,regime_aware_logit,p_stress_x_credit_score,-0.11452217400074005,interaction_product,128.13970131690817,280.35880756467424,-0.0004084843097869206,-4.932944805309601,-4.2422453061424585
origin_2021_04,regime_aware_logit,p_stress_x_original_cltv,-0.027252350002527237,interaction_product,12.734372476040788,28.76512892535508,-0.0009474092771579967,-4.932944805309601,-4.2422453061424585
origin_2021_04,regime_aware_logit,p_stress_x_original_dti,0.06602661311626434,interaction_product,5.835008732888305,13.267646513733789,0.004976512831263477,-4.932944805309601,-4.2422453061424585
origin_2021_04,regime_aware_logit,p_stress_x_original_ltv,0.0760212242603302,interaction_product,12.596166408696716,28.437998343260208,0.00267322697409001,-4.932944805309601,-4.2422453061424585
origin_2021_04,regime_aware_logit,p_stress_x_original_interest_rate,0.4420989155769348,interaction_product,0.6765992721065218,1.4899585864311178,0.29671892870250155,-4.932944805309601,-4.2422453061424585
origin_2021_04,regime_aware_logit,p_stress_x_current_delinquency_months,0.0522388219833374,interaction_product,0.0007974360869836378,0.030582956557742288,1.7081024159553593,-4.932944805309601,-4.2422453061424585
origin_2021_04,regime_aware_logit,p_stress_x_recent_60_dpd_3m,-0.04161651059985161,interaction_product,0.00012891786669352512,0.011257073313349878,-3.6969209883796497,-4.932944805309601,-4.2422453061424585
origin_2021_04,regime_aware_logit,p_stress_x_months_since_30_dpd,0.10479896515607834,interaction_product,1.7374795778042624,5.757374672627154,0.018202561256666902,-4.932944805309601,-4.2422453061424585
origin_2022_04,baseline_logit,credit_score,-0.37577569484710693,main,748.430178977459,47.09283581320969,-0.007979466268236509,-4.81489754589695,-3.5811857175910835
origin_2022_04,baseline_logit,mi_percent,0.1081504374742508,main,6.532549902708848,11.45500877554875,0.009441322970009674,-4.81489754589695,-3.5811857175910835
origin_2022_04,baseline_logit,number_of_units,0.01944732666015625,main,1.0364530269573011,0.25214198394980997,0.07712847482007332,-4.81489754589695,-3.5811857175910835
origin_2022_04,baseline_logit,original_cltv,0.06454655528068542,main,74.2102407136142,17.88307320420259,0.0036093659374786175,-4.81489754589695,-3.5811857175910835
origin_2022_04,baseline_logit,original_dti,0.3224632740020752,main,34.45864196856075,9.243195982226442,0.03488655597286192,-4.81489754589695,-3.5811857175910835
origin_2022_04,baseline_logit,original_upb,-0.396194189786911,main,220510.1077581495,117603.49446296951,-3.368898106268968e-06,-4.81489754589695,-3.5811857175910835
origin_2022_04,baseline_logit,original_ltv,0.07173511385917664,main,73.6487119853954,17.749544798359786,0.00404151851070601,-4.81489754589695,-3.5811857175910835
origin_2022_04,baseline_logit,original_interest_rate,0.22996670007705688,main,4.020093066044665,0.5806725632995546,0.3960350714184213,-4.81489754589695,-3.5811857175910835
origin_2022_04,baseline_logit,original_loan_term,-0.16802239418029785,main,317.09562435776905,74.89110923943865,-0.002243555955929346,-4.81489754589695,-3.5811857175910835
origin_2022_04,baseline_logit,number_of_borrowers,-0.23620548844337463,main,1.4854665875948316,0.5046370279990475,-0.468070068857136,-4.81489754589695,-3.5811857175910835
origin_2022_04,baseline_logit,loan_age_months,0.1760595589876175,main,20.589060484488073,16.206284967288195,0.010863659336053105,-4.81489754589695,-3.5811857175910835
origin_2022_04,baseline_logit,remaining_months_to_legal_maturity,0.03596518188714981,main,296.5112316622576,77.77598831426904,0.00046242012048532875,-4.81489754589695,-3.5811857175910835
origin_2022_04,baseline_logit,current_actual_upb,0.7490280270576477,main,208348.5390978446,114794.88049407673,6.524925361077375e-06,-4.81489754589695,-3.5811857175910835
origin_2022_04,baseline_logit,current_interest_rate,0.20446249842643738,main,4.020080528877259,0.5806674779365796,0.3521163250833358,-4.81489754589695,-3.5811857175910835
origin_2022_04,baseline_logit,credit_score_missing,-0.05262156203389168,main,8.430988871641269e-05,0.009181654565440659,-5.731163338681561,-4.81489754589695,-3.5811857175910835
origin_2022_04,baseline_logit,mi_percent_missing,0.0,main,0.0,1.0,0.0,-4.81489754589695,-3.5811857175910835
origin_2022_04,baseline_logit,number_of_units_missing,0.0,main,0.0,1.0,0.0,-4.81489754589695,-3.5811857175910835
origin_2022_04,baseline_logit,original_cltv_missing,0.14462491869926453,main,1.1204879861824702e-05,0.003347350342060416,43.20579082566022,-4.81489754589695,-3.5811857175910835
origin_2022_04,baseline_logit,original_dti_missing,-0.08599724620580673,main,0.0533125450928092,0.2246559984254513,-0.3827952372005932,-4.81489754589695,-3.5811857175910835
origin_2022_04,baseline_logit,original_ltv_missing,-0.3250291645526886,main,9.155206716368964e-06,0.00302574336297032,-107.42126002173994,-4.81489754589695,-3.5811857175910835
origin_2022_04,baseline_logit,number_of_borrowers_missing,0.0,main,0.0,1.0,0.0,-4.81489754589695,-3.5811857175910835
origin_2022_04,baseline_logit,current_delinquency_months,0.08566128462553024,main,0.011339884999672051,0.12460991277760901,0.6874355556159462,-4.81489754589695,-3.5811857175910835
origin_2022_04,baseline_logit,current_30_dpd,0.09270656853914261,main,0.009181715822383524,0.09538035393591553,0.971967126494735,-4.81489754589695,-3.5811857175910835
origin_2022_04,baseline_logit,current_60_dpd,0.039494890719652176,main,0.002158169177288528,0.04640594232521014,0.8510739948533806,-4.81489754589695,-3.5811857175910835
origin_2022_04,baseline_logit,recent_30_dpd_3m,0.10582848638296127,main,0.015191904064365203,0.12231561680858387,0.865208295916752,-4.81489754589695,-3.5811857175910835
origin_2022_04,baseline_logit,recent_60_dpd_3m,0.0465916283428669,main,0.0030035910273508385,0.05472265955060349,0.8514138151451207,-4.81489754589695,-3.5811857175910835
origin_2022_04,baseline_logit,ever_30_dpd,0.15445664525032043,main,0.04536746540151731,0.2081087659964362,0.7421919231070038,-4.81489754589695,-3.5811857175910835
origin_2022_04,baseline_logit,ever_60_dpd,0.04820648580789566,main,0.006517277378167428,0.08046615731935666,0.5990901941119446,-4.81489754589695,-3.5811857175910835
origin_2022_04,baseline_logit,months_since_30_dpd,-0.18976040184497833,main,20.35606320645401,15.948096721292716,-0.01189862371424073,-4.81489754589695,-3.5811857175910835
origin_2022_04,baseline_logit,months_since_60_dpd,0.10789187252521515,main,21.13601385032467,16.09526326759353,0.006703330708634411,-4.81489754589695,-3.5811857175910835
origin_2022_04,baseline_logit,delinquent_30_months_3m,-0.11091727018356323,main,0.023159666805133476,0.20709485358852642,-0.5355868012246362,-4.81489754589695,-3.5811857175910835
origin_2022_04,baseline_logit,delinquent_30_months_6m,0.007892124354839325,main,0.03952289074968845,0.32804143785021606,0.024058315335280522,-4.81489754589695,-3.5811857175910835
origin_2022_04,baseline_logit,delinquent_30_months_12m,0.008747934363782406,main,0.06428266905704104,0.5050169061110359,0.017322062406083163,-4.81489754589695,-3.5811857175910835
origin_2022_04,baseline_logit,delinquent_60_months_3m,-0.07384352385997772,main,0.0037991374975403923,0.07600828664659455,-0.97151938450235,-4.81489754589695,-3.5811857175910835
origin_2022_04,baseline_logit,delinquent_60_months_6m,-0.0005348040722310543,main,0.00559178163055598,0.10654352851790876,-0.005019582884765825,-4.81489754589695,-3.5811857175910835
origin_2022_04,baseline_logit,delinquent_60_months_12m,0.038575179874897,main,0.007921303482804608,0.14395813569692575,0.2679610963850568,-4.81489754589695,-3.5811857175910835
origin_2022_04,baseline_logit,cured_from_30_dpd,0.03376009687781334,main,0.0033133649620673824,0.057466395177490706,0.5874754588928348,-4.81489754589695,-3.5811857175910835
origin_2022_04,baseline_logit,cumulative_30_dpd_cures,0.02087440900504589,main,0.058066830276131964,0.3616597816319504,0.05771835870400738,-4.81489754589695,-3.5811857175910835
origin_2022_04,baseline_logit,months_since_30_dpd_cure,0.23907515406608582,main,20.480687706333764,15.921143442310942,0.015016205018964657,-4.81489754589695,-3.5811857175910835
origin_2022_04,macro_logit,credit_score,-0.43249815702438354,main,748.430178977459,47.09283581320969,-0.009183948037018965,-5.467411897773223,-12.181639189287372
origin_2022_04,macro_logit,mi_percent,0.0657813549041748,main,6.532549902708848,11.45500877554875,0.005742584418144504,-5.467411897773223,-12.181639189287372
origin_2022_04,macro_logit,number_of_units,0.033862583339214325,main,1.0364530269573011,0.25214198394980997,0.13429966247094666,-5.467411897773223,-12.181639189287372
origin_2022_04,macro_logit,original_cltv,0.11754342913627625,main,74.2102407136142,17.88307320420259,0.006572887545338298,-5.467411897773223,-12.181639189287372
origin_2022_04,macro_logit,original_dti,0.30165204405784607,main,34.45864196856075,9.243195982226442,0.03263503712762196,-5.467411897773223,-12.181639189287372
origin_2022_04,macro_logit,original_upb,-0.5995692014694214,main,220510.1077581495,117603.49446296951,-5.098226070639518e-06,-5.467411897773223,-12.181639189287372
origin_2022_04,macro_logit,original_ltv,0.05686655268073082,main,73.6487119853954,17.749544798359786,0.0032038316095850407,-5.467411897773223,-12.181639189287372
origin_2022_04,macro_logit,original_interest_rate,0.0915612205862999,main,4.020093066044665,0.5806725632995546,0.15768132743524466,-5.467411897773223,-12.181639189287372
origin_2022_04,macro_logit,original_loan_term,-0.07703819870948792,main,317.09562435776905,74.89110923943865,-0.001028669484159791,-5.467411897773223,-12.181639189287372
origin_2022_04,macro_logit,number_of_borrowers,-0.23285086452960968,main,1.4854665875948316,0.5046370279990475,-0.4614224712223241,-5.467411897773223,-12.181639189287372
origin_2022_04,macro_logit,loan_age_months,-0.09700486063957214,main,20.589060484488073,16.206284967288195,-0.00598563216896241,-5.467411897773223,-12.181639189287372
origin_2022_04,macro_logit,remaining_months_to_legal_maturity,0.048360709100961685,main,296.5112316622576,77.77598831426904,0.0006217948514591781,-5.467411897773223,-12.181639189287372
origin_2022_04,macro_logit,current_actual_upb,0.9536330103874207,main,208348.5390978446,114794.88049407673,8.307278219054612e-06,-5.467411897773223,-12.181639189287372
origin_2022_04,macro_logit,current_interest_rate,0.09992078691720963,main,4.020080528877259,0.5806674779365796,0.17207918596075214,-5.467411897773223,-12.181639189287372
origin_2022_04,macro_logit,credit_score_missing,-0.054915763437747955,main,8.430988871641269e-05,0.009181654565440659,-5.98103131046211,-5.467411897773223,-12.181639189287372
origin_2022_04,macro_logit,mi_percent_missing,0.0,main,0.0,1.0,0.0,-5.467411897773223,-12.181639189287372
origin_2022_04,macro_logit,number_of_units_missing,0.0,main,0.0,1.0,0.0,-5.467411897773223,-12.181639189287372
origin_2022_04,macro_logit,original_cltv_missing,0.13351987302303314,main,1.1204879861824702e-05,0.003347350342060416,39.88822781568983,-5.467411897773223,-12.181639189287372
origin_2022_04,macro_logit,original_dti_missing,-0.015279468148946762,main,0.0533125450928092,0.2246559984254513,-0.06801273171442615,-5.467411897773223,-12.181639189287372
origin_2022_04,macro_logit,original_ltv_missing,-0.38215193152427673,main,9.155206716368964e-06,0.00302574336297032,-126.30018004868886,-5.467411897773223,-12.181639189287372
origin_2022_04,macro_logit,number_of_borrowers_missing,0.0,main,0.0,1.0,0.0,-5.467411897773223,-12.181639189287372
origin_2022_04,macro_logit,current_delinquency_months,0.0861220732331276,main,0.011339884999672051,0.12460991277760901,0.6911334043450414,-5.467411897773223,-12.181639189287372
origin_2022_04,macro_logit,current_30_dpd,0.09112762659788132,main,0.009181715822383524,0.09538035393591553,0.9554129633352845,-5.467411897773223,-12.181639189287372
origin_2022_04,macro_logit,current_60_dpd,0.043950155377388,main,0.002158169177288528,0.04640594232521014,0.9470803344405307,-5.467411897773223,-12.181639189287372
origin_2022_04,macro_logit,recent_30_dpd_3m,0.09616252779960632,main,0.015191904064365203,0.12231561680858387,0.7861835659962746,-5.467411897773223,-12.181639189287372
origin_2022_04,macro_logit,recent_60_dpd_3m,0.04193564131855965,main,0.0030035910273508385,0.05472265955060349,0.7663304682730313,-5.467411897773223,-12.181639189287372
origin_2022_04,macro_logit,ever_30_dpd,0.14618077874183655,main,0.04536746540151731,0.2081087659964362,0.7024248980667149,-5.467411897773223,-12.181639189287372
origin_2022_04,macro_logit,ever_60_dpd,0.05541105940937996,main,0.006517277378167428,0.08046615731935666,0.6886256440637866,-5.467411897773223,-12.181639189287372
origin_2022_04,macro_logit,months_since_30_dpd,-0.20309457182884216,main,20.35606320645401,15.948096721292716,-0.012734721602088439,-5.467411897773223,-12.181639189287372
origin_2022_04,macro_logit,months_since_60_dpd,0.10357364267110825,main,21.13601385032467,16.09526326759353,0.006435038740847758,-5.467411897773223,-12.181639189287372
origin_2022_04,macro_logit,delinquent_30_months_3m,-0.10692192614078522,main,0.023159666805133476,0.20709485358852642,-0.5162944626003443,-5.467411897773223,-12.181639189287372
origin_2022_04,macro_logit,delinquent_30_months_6m,0.022423671558499336,main,0.03952289074968845,0.32804143785021606,0.06835621653608896,-5.467411897773223,-12.181639189287372
origin_2022_04,macro_logit,delinquent_30_months_12m,0.016197090968489647,main,0.06428266905704104,0.5050169061110359,0.03207237376114387,-5.467411897773223,-12.181639189287372
origin_2022_04,macro_logit,delinquent_60_months_3m,-0.06588511168956757,main,0.0037991374975403923,0.07600828664659455,-0.8668148513319957,-5.467411897773223,-12.181639189287372
origin_2022_04,macro_logit,delinquent_60_months_6m,0.004539793357253075,main,0.00559178163055598,0.10654352851790876,0.04260975228063699,-5.467411897773223,-12.181639189287372
origin_2022_04,macro_logit,delinquent_60_months_12m,0.04529991373419762,main,0.007921303482804608,0.14395813569692575,0.3146742177154007,-5.467411897773223,-12.181639189287372
origin_2022_04,macro_logit,cured_from_30_dpd,0.03354465216398239,main,0.0033133649620673824,0.057466395177490706,0.5837264032375161,-5.467411897773223,-12.181639189287372
origin_2022_04,macro_logit,cumulative_30_dpd_cures,0.02924269624054432,main,0.058066830276131964,0.3616597816319504,0.08085692058041355,-5.467411897773223,-12.181639189287372
origin_2022_04,macro_logit,months_since_30_dpd_cure,0.21957242488861084,main,20.480687706333764,15.921143442310942,0.013791247198055523,-5.467411897773223,-12.181639189287372
origin_2022_04,macro_logit,inflation,0.4056532382965088,main,1.7964445372423694,0.6599137958212316,0.6147064069053026,-5.467411897773223,-12.181639189287372
origin_2022_04,macro_logit,policy_rate,1.057868242263794,main,1.2060039790095203,0.8491343302563088,1.2458196595872875,-5.467411897773223,-12.181639189287372
origin_2022_04,macro_logit,unemployment,-1.180888295173645,main,5.005611516184019,2.2779126705753097,-0.5184080629725809,-5.467411897773223,-12.181639189287372
origin_2022_04,macro_logit,unemployment_change,0.3237058222293854,main,0.026373218088325174,1.4395655205873799,0.224863556121645,-5.467411897773223,-12.181639189287372
origin_2022_04,macro_logit,house_price_growth,-0.39765116572380066,main,6.467511891891293,2.0599560037222155,-0.19303866927510546,-5.467411897773223,-12.181639189287372
origin_2022_04,macro_logit,mortgage_rate,-0.7242861986160278,main,3.8342272212354813,0.5712146092100617,-1.267975620612453,-5.467411897773223,-12.181639189287372
origin_2022_04,macro_logit,mortgage_spread,1.2325663566589355,main,1.8044921075251952,0.2708163522414732,4.551299603799103,-5.467411897773223,-12.181639189287372
origin_2022_04,macro_logit,long_rate,-1.0003812313079834,main,2.0297350881785237,0.743453371853438,-1.3455870525060922,-5.467411897773223,-12.181639189287372
origin_2022_04,macro_logit,long_rate_change,0.4302979111671448,main,-0.0120776619809798,0.17389716431555072,2.474438918315734,-5.467411897773223,-12.181639189287372
origin_2022_04,macro_logit,yield_curve,0.6644647121429443,main,0.5791961852534045,0.38979891657588805,1.7046345792333235,-5.467411897773223,-12.181639189287372
origin_2022_04,macro_logit,initial_claims,0.6511521339416504,main,489699.45455464703,706003.664395149,9.223070173431872e-07,-5.467411897773223,-12.181639189287372
origin_2022_04,macro_logit,initial_claims_change,-0.40981224179267883,main,8607.00623373926,534875.6843152519,-7.661822247861588e-07,-5.467411897773223,-12.181639189287372
origin_2022_04,macro_logit,payroll_growth,-0.4767408072948456,main,-0.2573423553083152,3.749150740606536,-0.12715967969261185,-5.467411897773223,-12.181639189287372
origin_2022_04,macro_logit,real_income_growth,0.08482717722654343,main,4.475637782820908,4.428422953917287,0.019155166096207488,-5.467411897773223,-12.181639189287372
origin_2022_04,macro_logit,financial_conditions,-0.4153878688812256,main,-0.4943998145552754,0.1557164818245569,-2.6675908934883075,-5.467411897773223,-12.181639189287372
origin_2022_04,macro_logit,consumer_sentiment,0.7266530394554138,main,92.4625449967266,8.275825335738588,0.08780429866220256,-5.467411897773223,-12.181639189287372
origin_2022_04,macro_logit,consumer_sentiment_change,-0.28681060671806335,main,-0.16288517930794405,4.282191280231764,-0.0669775327510686,-5.467411897773223,-12.181639189287372
origin_2022_04,regime_aware_logit,credit_score,-0.3052651286125183,main,748.430178977459,47.09283581323039,-0.00648219890225333,-4.860300028698208,-3.0088167953401426
origin_2022_04,regime_aware_logit,mi_percent,0.10830952227115631,main,6.532549902708848,11.455008776135,0.009455210763068548,-4.860300028698208,-3.0088167953401426
origin_2022_04,regime_aware_logit,number_of_units,0.013913416303694248,main,1.0364530269573011,0.2521419839403507,0.055180878988347094,-4.860300028698208,-3.0088167953401426
origin_2022_04,regime_aware_logit,original_cltv,0.16315416991710663,main,74.2102407136142,17.883073204037782,0.00912338545257805,-4.860300028698208,-3.0088167953401426
origin_2022_04,regime_aware_logit,original_dti,0.2724381983280182,main,34.45864196856075,9.243195982284679,0.029474458709970848,-4.860300028698208,-3.0088167953401426
origin_2022_04,regime_aware_logit,original_upb,-0.3969765901565552,main,220510.1077581495,117603.49446303079,-3.375550972946188e-06,-4.860300028698208,-3.0088167953401426
origin_2022_04,regime_aware_logit,original_ltv,0.014345182105898857,main,73.6487119853954,17.749544798618025,0.0008081999999806062,-4.860300028698208,-3.0088167953401426
origin_2022_04,regime_aware_logit,original_interest_rate,0.16149114072322845,main,4.020093066044665,0.5806725632997064,0.2781105065573366,-4.860300028698208,-3.0088167953401426
origin_2022_04,regime_aware_logit,original_loan_term,-0.16884970664978027,main,317.09562435776905,74.89110923818406,-0.002254602827590253,-4.860300028698208,-3.0088167953401426
origin_2022_04,regime_aware_logit,number_of_borrowers,-0.2370142787694931,main,1.4854665875948316,0.5046370279768927,-0.46967278584310695,-4.860300028698208,-3.0088167953401426
origin_2022_04,regime_aware_logit,loan_age_months,0.11289479583501816,main,20.589060484488073,16.20628496705537,0.006966111978440101,-4.860300028698208,-3.0088167953401426
origin_2022_04,regime_aware_logit,remaining_months_to_legal_maturity,0.016435373574495316,main,296.5112316622576,77.7759883139492,0.00021131680780644757,-4.860300028698208,-3.0088167953401426
origin_2022_04,regime_aware_logit,current_actual_upb,0.7437983751296997,main,208348.5390978446,114794.88049409042,6.479368870182238e-06,-4.860300028698208,-3.0088167953401426
origin_2022_04,regime_aware_logit,current_interest_rate,0.14374274015426636,main,4.020080528877259,0.5806674779337948,0.24754742708468905,-4.860300028698208,-3.0088167953401426
origin_2022_04,regime_aware_logit,credit_score_missing,-0.05411393940448761,main,8.430988871641269e-05,0.009181654565405902,-5.893702384358362,-4.860300028698208,-3.0088167953401426
origin_2022_04,regime_aware_logit,mi_percent_missing,0.0,main,0.0,1.0,0.0,-4.860300028698208,-3.0088167953401426
origin_2022_04,regime_aware_logit,number_of_units_missing,0.0,main,0.0,1.0,0.0,-4.860300028698208,-3.0088167953401426
origin_2022_04,regime_aware_logit,original_cltv_missing,0.13330458104610443,main,1.1204879861824702e-05,0.0033473503417880738,39.8239106859954,-4.860300028698208,-3.0088167953401426
origin_2022_04,regime_aware_logit,original_dti_missing,-0.08039297163486481,main,0.0533125450928092,0.2246559984226978,-0.35784921034515504,-4.860300028698208,-3.0088167953401426
origin_2022_04,regime_aware_logit,original_ltv_missing,-0.33278921246528625,main,9.155206716368964e-06,0.0030257433626356403,-109.98593488623004,-4.860300028698208,-3.0088167953401426
origin_2022_04,regime_aware_logit,number_of_borrowers_missing,0.0,main,0.0,1.0,0.0,-4.860300028698208,-3.0088167953401426
origin_2022_04,regime_aware_logit,current_delinquency_months,0.09968260675668716,main,0.011339884999672051,0.12460991277273965,0.7999572789885965,-4.860300028698208,-3.0088167953401426
origin_2022_04,regime_aware_logit,current_30_dpd,0.11003401130437851,main,0.009181715822383524,0.09538035394101,1.1536339168172032,-4.860300028698208,-3.0088167953401426
origin_2022_04,regime_aware_logit,current_60_dpd,0.04150441288948059,main,0.002158169177288528,0.04640594232267297,0.8943771166392716,-4.860300028698208,-3.0088167953401426
origin_2022_04,regime_aware_logit,recent_30_dpd_3m,0.10179904848337173,main,0.015191904064365203,0.12231561680292623,0.8322653406342169,-4.860300028698208,-3.0088167953401426
origin_2022_04,regime_aware_logit,recent_60_dpd_3m,-0.0010765660554170609,main,0.0030035910273508385,0.05472265955137507,-0.01967313109857814,-4.860300028698208,-3.0088167953401426
origin_2022_04,regime_aware_logit,ever_30_dpd,0.17144978046417236,main,0.04536746540151731,0.2081087660012265,0.8238469900069559,-4.860300028698208,-3.0088167953401426
origin_2022_04,regime_aware_logit,ever_60_dpd,0.03291218355298042,main,0.006517277378167428,0.0804661573163021,0.4090189546843509,-4.860300028698208,-3.0088167953401426
origin_2022_04,regime_aware_logit,months_since_30_dpd,-0.2949105203151703,main,20.35606320645401,15.948096721125033,-0.01849189439166922,-4.860300028698208,-3.0088167953401426
origin_2022_04,regime_aware_logit,months_since_60_dpd,0.05983686074614525,main,21.13601385032467,16.095263267554596,0.00371766896579856,-4.860300028698208,-3.0088167953401426
origin_2022_04,regime_aware_logit,delinquent_30_months_3m,-0.09551922976970673,main,0.023159666805133476,0.207094853590961,-0.46123420313654684,-4.860300028698208,-3.0088167953401426
origin_2022_04,regime_aware_logit,delinquent_30_months_6m,0.019629504531621933,main,0.03952289074968845,0.32804143785451917,0.059838490710211086,-4.860300028698208,-3.0088167953401426
origin_2022_04,regime_aware_logit,delinquent_30_months_12m,0.012952364981174469,main,0.06428266905704104,0.5050169060849775,0.025647388879680433,-4.860300028698208,-3.0088167953401426
origin_2022_04,regime_aware_logit,delinquent_60_months_3m,-0.06418512016534805,main,0.0037991374975403923,0.0760082866468405,-0.8444489804588443,-4.860300028698208,-3.0088167953401426
origin_2022_04,regime_aware_logit,delinquent_60_months_6m,-0.0029228695202618837,main,0.00559178163055598,0.10654352851319886,-0.0274335716213847,-4.860300028698208,-3.0088167953401426
origin_2022_04,regime_aware_logit,delinquent_60_months_12m,0.038282666355371475,main,0.007921303482804608,0.14395813568751326,0.265929161784026,-4.860300028698208,-3.0088167953401426
origin_2022_04,regime_aware_logit,cured_from_30_dpd,0.03239456191658974,main,0.0033133649620673824,0.05746639517525701,0.5637131373526225,-4.860300028698208,-3.0088167953401426
origin_2022_04,regime_aware_logit,cumulative_30_dpd_cures,0.017179105430841446,main,0.058066830276131964,0.3616597816089132,0.04750073495708283,-4.860300028698208,-3.0088167953401426
origin_2022_04,regime_aware_logit,months_since_30_dpd_cure,0.11786685138940811,main,20.480687706333764,15.921143442444418,0.007403164968364338,-4.860300028698208,-3.0088167953401426
origin_2022_04,regime_aware_logit,p_stress,-0.469544380903244,main,0.7846102840803921,0.41086177997302226,-1.1428280842624858,-4.860300028698208,-3.0088167953401426
origin_2022_04,regime_aware_logit,p_stress_x_credit_score,-0.6828972101211548,interaction_product,587.0116671826937,310.2132769664109,-0.0022013796985068993,-4.860300028698208,-3.0088167953401426
origin_2022_04,regime_aware_logit,p_stress_x_original_cltv,-0.20060685276985168,interaction_product,58.51148384391711,34.45377369902974,-0.005822492900842993,-4.860300028698208,-3.0088167953401426
origin_2022_04,regime_aware_logit,p_stress_x_original_dti,0.12940609455108643,interaction_product,27.06793536844201,16.33571492363385,0.007921667044021865,-4.860300028698208,-3.0088167953401426
origin_2022_04,regime_aware_logit,p_stress_x_original_ltv,0.09249024093151093,interaction_product,58.03298692665879,34.16742965379022,0.00270697099163416,-4.860300028698208,-3.0088167953401426
origin_2022_04,regime_aware_logit,p_stress_x_original_interest_rate,0.7573978304862976,interaction_product,3.173520827212049,1.7305029521113933,0.4376749716388485,-4.860300028698208,-3.0088167953401426
origin_2022_04,regime_aware_logit,p_stress_x_current_delinquency_months,-0.05376758798956871,interaction_product,0.005643992691926515,0.08379133464471576,-0.6416843485970124,-4.860300028698208,-3.0088167953401426
origin_2022_04,regime_aware_logit,p_stress_x_recent_60_dpd_3m,0.02063039131462574,interaction_product,0.0011267503956667228,0.03354581531669837,0.6149915010220779,-4.860300028698208,-3.0088167953401426
origin_2022_04,regime_aware_logit,p_stress_x_months_since_30_dpd,0.4791428744792938,interaction_product,14.323044687933248,14.179599652083764,0.033791001596358984,-4.860300028698208,-3.0088167953401426
origin_2023_04,baseline_logit,credit_score,-0.4605293869972229,main,749.171498025327,46.85931733590657,-0.00982791498424874,-4.94317264245167,-1.4577330992453579
origin_2023_04,baseline_logit,mi_percent,0.0961546078324318,main,6.351731207940062,11.3323020964243,0.008485002165868099,-4.94317264245167,-1.4577330992453579
origin_2023_04,baseline_logit,number_of_units,-0.023300718516111374,main,1.0360286758894113,0.25019447383384014,-0.09313042833866073,-4.94317264245167,-1.4577330992453579
origin_2023_04,baseline_logit,original_cltv,0.10023874044418335,main,73.67185004045018,17.95306912749553,0.005583376286936112,-4.94317264245167,-1.4577330992453579
origin_2023_04,baseline_logit,original_dti,0.3316219449043274,main,34.29809070274798,9.312248606252908,0.03561137153078718,-4.94317264245167,-1.4577330992453579
origin_2023_04,baseline_logit,original_upb,-0.4834021329879761,main,223802.17314803394,121017.43199408741,-3.994483480789725e-06,-4.94317264245167,-1.4577330992453579
origin_2023_04,baseline_logit,original_ltv,0.07420647144317627,main,73.15702997122534,17.837027279401426,0.004160248806081688,-4.94317264245167,-1.4577330992453579
origin_2023_04,baseline_logit,original_interest_rate,0.203378364443779,main,3.9355649227643856,0.6410491562617956,0.31725861029091207,-4.94317264245167,-1.4577330992453579
origin_2023_04,baseline_logit,original_loan_term,-0.34892702102661133,main,316.48548543871004,75.20069181514731,-0.004639944295782777,-4.94317264245167,-1.4577330992453579
origin_2023_04,baseline_logit,number_of_borrowers,-0.2607068121433258,main,1.484127207347427,0.5060083629423929,-0.5152223386730986,-4.94317264245167,-1.4577330992453579
origin_2023_04,baseline_logit,loan_age_months,0.18932588398456573,main,22.403531800175887,18.448687409054823,0.010262295619559495,-4.94317264245167,-1.4577330992453579
origin_2023_04,baseline_logit,remaining_months_to_legal_maturity,0.20929750800132751,main,294.0863714892333,78.77603121933963,0.0026568678919425518,-4.94317264245167,-1.4577330992453579
origin_2023_04,baseline_logit,current_actual_upb,0.8151986002922058,main,210410.92006835592,118528.95299025608,6.8776326773022365e-06,-4.94317264245167,-1.4577330992453579
origin_2023_04,baseline_logit,current_interest_rate,0.20767663419246674,main,3.9355524377989415,0.6410431050994604,0.32396672320536835,-4.94317264245167,-1.4577330992453579
origin_2023_04,baseline_logit,credit_score_missing,-0.07143552601337433,main,9.943679794907728e-05,0.00997130434157392,-7.164110488086716,-4.94317264245167,-1.4577330992453579
origin_2023_04,baseline_logit,mi_percent_missing,0.0,main,0.0,1.0,0.0,-4.94317264245167,-1.4577330992453579
origin_2023_04,baseline_logit,number_of_units_missing,0.0,main,0.0,1.0,0.0,-4.94317264245167,-1.4577330992453579
origin_2023_04,baseline_logit,original_cltv_missing,0.2572430372238159,main,1.0408751678411209e-05,0.003226242913405577,79.73455320271397,-4.94317264245167,-1.4577330992453579
origin_2023_04,baseline_logit,original_dti_missing,-0.0829642042517662,main,0.04841542258092306,0.21464242226837107,-0.3865228661463513,-4.94317264245167,-1.4577330992453579
origin_2023_04,baseline_logit,original_ltv_missing,-1.3932877779006958,main,7.41900385588884e-06,0.002723774736330195,-511.52826969013773,-4.94317264245167,-1.4577330992453579
origin_2023_04,baseline_logit,number_of_borrowers_missing,0.0,main,0.0,1.0,0.0,-4.94317264245167,-1.4577330992453579
origin_2023_04,baseline_logit,current_delinquency_months,0.06043944135308266,main,0.01056444002798404,0.11977448486804954,0.5046103218032306,-4.94317264245167,-1.4577330992453579
origin_2023_04,baseline_logit,current_30_dpd,0.045582134276628494,main,0.00861789273272031,0.09243172971208337,0.49314379833216143,-4.94317264245167,-1.4577330992453579
origin_2023_04,baseline_logit,current_60_dpd,0.06874200701713562,main,0.00194654729526373,0.04407673137712268,1.5595985652605595,-4.94317264245167,-1.4577330992453579
origin_2023_04,baseline_logit,recent_30_dpd_3m,0.09592688083648682,main,0.01453947585512878,0.1196999561277568,0.8013944527607281,-4.94317264245167,-1.4577330992453579
origin_2023_04,baseline_logit,recent_60_dpd_3m,0.046534985303878784,main,0.0027437026498688608,0.05230845768743294,0.8896264076824191,-4.94317264245167,-1.4577330992453579
origin_2023_04,baseline_logit,ever_30_dpd,0.1847359985113144,main,0.04930669962623723,0.21650761879944375,0.8532540311315318,-4.94317264245167,-1.4577330992453579
origin_2023_04,baseline_logit,ever_60_dpd,0.036509919911623,main,0.007392649782490309,0.08566211830023675,0.4262084645590897,-4.94317264245167,-1.4577330992453579
origin_2023_04,baseline_logit,months_since_30_dpd,-0.2790505290031433,main,21.99452145321233,18.04303740089444,-0.015465828884737003,-4.94317264245167,-1.4577330992453579
origin_2023_04,baseline_logit,months_since_60_dpd,0.029700947925448418,main,22.915779800422154,18.291199655597055,0.0016237834852106058,-4.94317264245167,-1.4577330992453579
origin_2023_04,baseline_logit,delinquent_30_months_3m,-0.07606396824121475,main,0.021968999194096863,0.20097424830489205,-0.378476192262306,-4.94317264245167,-1.4577330992453579
origin_2023_04,baseline_logit,delinquent_30_months_6m,-0.006307048723101616,main,0.03797588757307996,0.32035841514907887,-0.01968747635415361,-4.94317264245167,-1.4577330992453579
origin_2023_04,baseline_logit,delinquent_30_months_12m,0.02119082771241665,main,0.0635858459580049,0.5016361788492818,0.04224341984469087,-4.94317264245167,-1.4577330992453579
origin_2023_04,baseline_logit,delinquent_60_months_3m,-0.12025995552539825,main,0.0034791806142093636,0.07287187945118836,-1.650293040760006,-4.94317264245167,-1.4577330992453579
origin_2023_04,baseline_logit,delinquent_60_months_6m,-0.004209649283438921,main,0.005209137289441473,0.10324564453092218,-0.04077314159415341,-4.94317264245167,-1.4577330992453579
origin_2023_04,baseline_logit,delinquent_60_months_12m,0.03004739247262478,main,0.007821069572317681,0.14423074991732945,0.20832861570675754,-4.94317264245167,-1.4577330992453579
origin_2023_04,baseline_logit,cured_from_30_dpd,0.0015368018066510558,main,0.003248305643470136,0.05690126671627563,0.02700821783658957,-4.94317264245167,-1.4577330992453579
origin_2023_04,baseline_logit,cumulative_30_dpd_cures,0.04123009368777275,main,0.06591474878034899,0.39658070014632185,0.10396394396540365,-4.94317264245167,-1.4577330992453579
origin_2023_04,baseline_logit,months_since_30_dpd_cure,0.3138676583766937,main,22.106400585016136,18.014389778893054,0.017423163494799224,-4.94317264245167,-1.4577330992453579
origin_2023_04,macro_logit,credit_score,-0.43932533264160156,main,749.171498025327,46.85931733590657,-0.009375410433155474,-5.540104536919984,-14.260778546590213
origin_2023_04,macro_logit,mi_percent,0.06750795990228653,main,6.351731207940062,11.3323020964243,0.0059571267451109895,-5.540104536919984,-14.260778546590213
origin_2023_04,macro_logit,number_of_units,0.02404564991593361,main,1.0360286758894113,0.25019447383384014,0.09610783782499878,-5.540104536919984,-14.260778546590213
origin_2023_04,macro_logit,original_cltv,0.10057641565799713,main,73.67185004045018,17.95306912749553,0.005602185060601258,-5.540104536919984,-14.260778546590213
origin_2023_04,macro_logit,original_dti,0.3623715341091156,main,34.29809070274798,9.312248606252908,0.038913429981432573,-5.540104536919984,-14.260778546590213
origin_2023_04,macro_logit,original_upb,-0.6595288515090942,main,223802.17314803394,121017.43199408741,-5.449866524529434e-06,-5.540104536919984,-14.260778546590213
origin_2023_04,macro_logit,original_ltv,0.037866026163101196,main,73.15702997122534,17.837027279401426,0.002122888840722337,-5.540104536919984,-14.260778546590213
origin_2023_04,macro_logit,original_interest_rate,0.11150119453668594,main,3.9355649227643856,0.6410491562617956,0.1739354828682598,-5.540104536919984,-14.260778546590213
origin_2023_04,macro_logit,original_loan_term,-0.07121548056602478,main,316.48548543871004,75.20069181514731,-0.0009470056570899816,-5.540104536919984,-14.260778546590213
origin_2023_04,macro_logit,number_of_borrowers,-0.23170346021652222,main,1.484127207347427,0.5060083629423929,-0.45790440867259097,-5.540104536919984,-14.260778546590213
origin_2023_04,macro_logit,loan_age_months,-0.02181490883231163,main,22.403531800175887,18.448687409054823,-0.0011824640067132704,-5.540104536919984,-14.260778546590213
origin_2023_04,macro_logit,remaining_months_to_legal_maturity,0.04190695285797119,main,294.0863714892333,78.77603121933963,0.0005319759349298492,-5.540104536919984,-14.260778546590213
origin_2023_04,macro_logit,current_actual_upb,0.9961802959442139,main,210410.92006835592,118528.95299025608,8.404531304904946e-06,-5.540104536919984,-14.260778546590213
origin_2023_04,macro_logit,current_interest_rate,0.11936404556035995,main,3.9355524377989415,0.6410431050994604,0.18620283817238803,-5.540104536919984,-14.260778546590213
origin_2023_04,macro_logit,credit_score_missing,-0.059335898607969284,main,9.943679794907728e-05,0.00997130434157392,-5.950665687795405,-5.540104536919984,-14.260778546590213
origin_2023_04,macro_logit,mi_percent_missing,0.0,main,0.0,1.0,0.0,-5.540104536919984,-14.260778546590213
origin_2023_04,macro_logit,number_of_units_missing,0.0,main,0.0,1.0,0.0,-5.540104536919984,-14.260778546590213
origin_2023_04,macro_logit,original_cltv_missing,-0.026019509881734848,main,1.0408751678411209e-05,0.003226242913405577,-8.064956849225286,-5.540104536919984,-14.260778546590213
origin_2023_04,macro_logit,original_dti_missing,0.016571415588259697,main,0.04841542258092306,0.21464242226837107,0.07720475483425254,-5.540104536919984,-14.260778546590213
origin_2023_04,macro_logit,original_ltv_missing,-0.4534951150417328,main,7.41900385588884e-06,0.002723774736330195,-166.49508822918935,-5.540104536919984,-14.260778546590213
origin_2023_04,macro_logit,number_of_borrowers_missing,0.0,main,0.0,1.0,0.0,-5.540104536919984,-14.260778546590213
origin_2023_04,macro_logit,current_delinquency_months,0.10794693976640701,main,0.01056444002798404,0.11977448486804954,0.9012515468993882,-5.540104536919984,-14.260778546590213
origin_2023_04,macro_logit,current_30_dpd,0.11016549915075302,main,0.00861789273272031,0.09243172971208337,1.191858028556955,-5.540104536919984,-14.260778546590213
origin_2023_04,macro_logit,current_60_dpd,0.062421415001153946,main,0.00194654729526373,0.04407673137712268,1.416198820803504,-5.540104536919984,-14.260778546590213
origin_2023_04,macro_logit,recent_30_dpd_3m,0.08740516006946564,main,0.01453947585512878,0.1196999561277568,0.7302021061409358,-5.540104536919984,-14.260778546590213
origin_2023_04,macro_logit,recent_60_dpd_3m,0.08613999933004379,main,0.0027437026498688608,0.05230845768743294,1.6467700088725585,-5.540104536919984,-14.260778546590213
origin_2023_04,macro_logit,ever_30_dpd,0.17187702655792236,main,0.04930669962623723,0.21650761879944375,0.7938613315826831,-5.540104536919984,-14.260778546590213
origin_2023_04,macro_logit,ever_60_dpd,0.06581047922372818,main,0.007392649782490309,0.08566211830023675,0.7682565004179485,-5.540104536919984,-14.260778546590213
origin_2023_04,macro_logit,months_since_30_dpd,-0.23695974051952362,main,21.99452145321233,18.04303740089444,-0.01313302939269953,-5.540104536919984,-14.260778546590213
origin_2023_04,macro_logit,months_since_60_dpd,0.043965812772512436,main,22.915779800422154,18.291199655597055,0.0024036593334685417,-5.540104536919984,-14.260778546590213
origin_2023_04,macro_logit,delinquent_30_months_3m,-0.0762941986322403,main,0.021968999194096863,0.20097424830489205,-0.37962176386149055,-5.540104536919984,-14.260778546590213
origin_2023_04,macro_logit,delinquent_30_months_6m,0.025906817987561226,main,0.03797588757307996,0.32035841514907887,0.08086822996519533,-5.540104536919984,-14.260778546590213
origin_2023_04,macro_logit,delinquent_30_months_12m,0.005672015715390444,main,0.0635858459580049,0.5016361788492818,0.011307030781554971,-5.540104536919984,-14.260778546590213
origin_2023_04,macro_logit,delinquent_60_months_3m,-0.013253617100417614,main,0.0034791806142093636,0.07287187945118836,-0.1818756041457015,-5.540104536919984,-14.260778546590213
origin_2023_04,macro_logit,delinquent_60_months_6m,-0.0017168066697195172,main,0.005209137289441473,0.10324564453092218,-0.0166283689497946,-5.540104536919984,-14.260778546590213
origin_2023_04,macro_logit,delinquent_60_months_12m,0.029315520077943802,main,0.007821069572317681,0.14423074991732945,0.20325429975748546,-5.540104536919984,-14.260778546590213
origin_2023_04,macro_logit,cured_from_30_dpd,0.03341177850961685,main,0.003248305643470136,0.05690126671627563,0.5871886591948222,-5.540104536919984,-14.260778546590213
origin_2023_04,macro_logit,cumulative_30_dpd_cures,-0.010166401043534279,main,0.06591474878034899,0.39658070014632185,-0.025635138169314085,-5.540104536919984,-14.260778546590213
origin_2023_04,macro_logit,months_since_30_dpd_cure,0.20813564956188202,main,22.106400585016136,18.014389778893054,0.01155385511896432,-5.540104536919984,-14.260778546590213
origin_2023_04,macro_logit,inflation,1.0131781101226807,main,2.651109077166197,1.9536634778603037,0.5186042128567281,-5.540104536919984,-14.260778546590213
origin_2023_04,macro_logit,policy_rate,1.0935988426208496,main,0.9946164163009323,0.8806139672662382,1.2418595244585977,-5.540104536919984,-14.260778546590213
origin_2023_04,macro_logit,unemployment,-0.8226463198661804,main,4.947314724023476,2.0855253687606328,-0.3944551968480994,-5.540104536919984,-14.260778546590213
origin_2023_04,macro_logit,unemployment_change,0.3094004690647125,main,-0.01632634476247908,1.3013944994738522,0.23774533332498463,-5.540104536919984,-14.260778546590213
origin_2023_04,macro_logit,house_price_growth,-0.3858966827392578,main,8.619487041468707,4.832180799105644,-0.07985973596242112,-5.540104536919984,-14.260778546590213
origin_2023_04,macro_logit,mortgage_rate,-0.5710604786872864,main,3.715452606033515,0.5962312937927876,-0.9577834720056659,-5.540104536919984,-14.260778546590213
origin_2023_04,macro_logit,mortgage_spread,1.2584062814712524,main,1.7654294774511283,0.269597554004857,4.667721434329413,-5.540104536919984,-14.260778546590213
origin_2023_04,macro_logit,long_rate,-0.9866212606430054,main,1.9500231043794423,0.6973730277665078,-1.4147683110183933,-5.540104536919984,-14.260778546590213
origin_2023_04,macro_logit,long_rate_change,0.3920312523841858,main,-0.00035674013766747153,0.1703478825827117,2.3013567673424804,-5.540104536919984,-14.260778546590213
origin_2023_04,macro_logit,yield_curve,0.601824164390564,main,0.6555215002297484,0.4165771932774738,1.444688221300922,-5.540104536919984,-14.260778546590213
origin_2023_04,macro_logit,initial_claims,0.7254616022109985,main,457991.50682404405,640736.6009221561,1.1322306251381692e-06,-5.540104536919984,-14.260778546590213
origin_2023_04,macro_logit,initial_claims_change,-0.39775359630584717,main,165.22170308880814,482089.38085873594,-8.250619327008134e-07,-5.540104536919984,-14.260778546590213
origin_2023_04,macro_logit,payroll_growth,-0.024130549281835556,main,0.8662753861490687,4.178064566151229,-0.0057755328812604395,-5.540104536919984,-14.260778546590213
origin_2023_04,macro_logit,real_income_growth,0.04089953377842903,main,3.019084411444639,5.806690125157544,0.007043519267754859,-5.540104536919984,-14.260778546590213
origin_2023_04,macro_logit,financial_conditions,-0.4897216558456421,main,-0.5133555152275531,0.15093881198019574,-3.244504507627217,-5.540104536919984,-14.260778546590213
origin_2023_04,macro_logit,consumer_sentiment,0.9525632262229919,main,88.72038975143663,11.389157319402722,0.08363772661215176,-5.540104536919984,-14.260778546590213
origin_2023_04,macro_logit,consumer_sentiment_change,-0.2296857088804245,main,-0.543394804386327,4.3212769987069,-0.053152276271378966,-5.540104536919984,-14.260778546590213
origin_2023_04,regime_aware_logit,credit_score,-0.39759618043899536,main,749.171498025327,46.85931733594227,-0.008484890584055289,-5.002865444971323,-1.8125029293350496
origin_2023_04,regime_aware_logit,mi_percent,0.110365130007267,main,6.351731207940062,11.332302096524888,0.009738985871291858,-5.002865444971323,-1.8125029293350496
origin_2023_04,regime_aware_logit,number_of_units,-0.031099269166588783,main,1.0360286758894113,0.25019447382533405,-0.12430038398170148,-5.002865444971323,-1.8125029293350496
origin_2023_04,regime_aware_logit,original_cltv,0.3199808597564697,main,73.67185004045018,17.953069127350687,0.017823184297162505,-5.002865444971323,-1.8125029293350496
origin_2023_04,regime_aware_logit,original_dti,0.2794494926929474,main,34.29809070274798,9.312248606265838,0.030008809312169465,-5.002865444971323,-1.8125029293350496
origin_2023_04,regime_aware_logit,original_upb,-0.4896969795227051,main,223802.17314803394,121017.4319942145,-4.0464995121208335e-06,-5.002865444971323,-1.8125029293350496
origin_2023_04,regime_aware_logit,original_ltv,-0.10561149567365646,main,73.15702997122534,17.837027279499146,-0.005920913503061143,-5.002865444971323,-1.8125029293350496
origin_2023_04,regime_aware_logit,original_interest_rate,0.17640547454357147,main,3.9355649227643856,0.6410491562627538,0.2751824455584592,-5.002865444971323,-1.8125029293350496
origin_2023_04,regime_aware_logit,original_loan_term,-0.33777153491973877,main,316.48548543871004,75.20069181492529,-0.004491601430356792,-5.002865444971323,-1.8125029293350496
origin_2023_04,regime_aware_logit,number_of_borrowers,-0.2621966302394867,main,1.484127207347427,0.5060083629523702,-0.5181665945394007,-5.002865444971323,-1.8125029293350496
origin_2023_04,regime_aware_logit,loan_age_months,0.1698988527059555,main,22.403531800175887,18.448687409349546,0.009209265078655571,-5.002865444971323,-1.8125029293350496
origin_2023_04,regime_aware_logit,remaining_months_to_legal_maturity,0.15868204832077026,main,294.0863714892333,78.77603121939325,0.002014344285495124,-5.002865444971323,-1.8125029293350496
origin_2023_04,regime_aware_logit,current_actual_upb,0.8139321208000183,main,210410.92006835592,118528.95299024215,6.866947697302489e-06,-5.002865444971323,-1.8125029293350496
origin_2023_04,regime_aware_logit,current_interest_rate,0.19560359418392181,main,3.9355524377989415,0.6410431050978098,0.3051332938899277,-5.002865444971323,-1.8125029293350496
origin_2023_04,regime_aware_logit,credit_score_missing,-0.19929391145706177,main,9.943679794907728e-05,0.009971304341775554,-19.986744424408393,-5.002865444971323,-1.8125029293350496
origin_2023_04,regime_aware_logit,mi_percent_missing,0.0,main,0.0,1.0,0.0,-5.002865444971323,-1.8125029293350496
origin_2023_04,regime_aware_logit,number_of_units_missing,0.0,main,0.0,1.0,0.0,-5.002865444971323,-1.8125029293350496
origin_2023_04,regime_aware_logit,original_cltv_missing,0.2894114553928375,main,1.0408751678411209e-05,0.003226242913614963,89.70541374039185,-5.002865444971323,-1.8125029293350496
origin_2023_04,regime_aware_logit,original_dti_missing,-0.09142543375492096,main,0.04841542258092306,0.21464242223953467,-0.425942983688904,-5.002865444971323,-1.8125029293350496
origin_2023_04,regime_aware_logit,original_ltv_missing,-1.4629517793655396,main,7.41900385588884e-06,0.0027237747358190363,-537.1045410352672,-5.002865444971323,-1.8125029293350496
origin_2023_04,regime_aware_logit,number_of_borrowers_missing,0.0,main,0.0,1.0,0.0,-5.002865444971323,-1.8125029293350496
origin_2023_04,regime_aware_logit,current_delinquency_months,0.07270034402608871,main,0.01056444002798404,0.11977448487480173,0.6069768874571339,-5.002865444971323,-1.8125029293350496
origin_2023_04,regime_aware_logit,current_30_dpd,0.05425966903567314,main,0.00861789273272031,0.09243172971385484,0.587024274063109,-5.002865444971323,-1.8125029293350496
origin_2023_04,regime_aware_logit,current_60_dpd,0.08358115702867508,main,0.00194654729526373,0.04407673137582218,1.8962648640167232,-5.002865444971323,-1.8125029293350496
origin_2023_04,regime_aware_logit,recent_30_dpd_3m,0.09298006445169449,main,0.01453947585512878,0.1196999561222182,0.7767760946942897,-5.002865444971323,-1.8125029293350496
origin_2023_04,regime_aware_logit,recent_60_dpd_3m,0.01954178512096405,main,0.0027437026498688608,0.05230845769045733,0.3735874843912492,-5.002865444971323,-1.8125029293350496
origin_2023_04,regime_aware_logit,ever_30_dpd,0.2101101279258728,main,0.04930669962623723,0.2165076188221821,0.9704514283094879,-5.002865444971323,-1.8125029293350496
origin_2023_04,regime_aware_logit,ever_60_dpd,0.03348861262202263,main,0.007392649782490309,0.0856621182941445,0.39093841348903197,-5.002865444971323,-1.8125029293350496
origin_2023_04,regime_aware_logit,months_since_30_dpd,-0.40157344937324524,main,21.99452145321233,18.0430374008819,-0.02225642171276646,-5.002865444971323,-1.8125029293350496
origin_2023_04,regime_aware_logit,months_since_60_dpd,-0.009260646998882294,main,22.915779800422154,18.291199655896055,-0.0005062897553522238,-5.002865444971323,-1.8125029293350496
origin_2023_04,regime_aware_logit,delinquent_30_months_3m,-0.07814715802669525,main,0.021968999194096863,0.2009742482841952,-0.38884164858867054,-5.002865444971323,-1.8125029293350496
origin_2023_04,regime_aware_logit,delinquent_30_months_6m,-0.0016009529354050756,main,0.03797588757307996,0.3203584151330429,-0.00499738062051596,-5.002865444971323,-1.8125029293350496
origin_2023_04,regime_aware_logit,delinquent_30_months_12m,0.01547252293676138,main,0.0635858459580049,0.5016361788696682,0.030844112901955083,-5.002865444971323,-1.8125029293350496
origin_2023_04,regime_aware_logit,delinquent_60_months_3m,-0.13828256726264954,main,0.0034791806142093636,0.07287187945167034,-1.8976121969567217,-5.002865444971323,-1.8125029293350496
origin_2023_04,regime_aware_logit,delinquent_60_months_6m,-0.005329331383109093,main,0.005209137289441473,0.10324564453659803,-0.05161797775614618,-5.002865444971323,-1.8125029293350496
origin_2023_04,regime_aware_logit,delinquent_60_months_12m,0.025566615164279938,main,0.007821069572317681,0.1442307499141128,0.1772618888794828,-5.002865444971323,-1.8125029293350496
origin_2023_04,regime_aware_logit,cured_from_30_dpd,-0.0008739199256524444,main,0.003248305643470136,0.056901266712273676,-0.015358532000201302,-5.002865444971323,-1.8125029293350496
origin_2023_04,regime_aware_logit,cumulative_30_dpd_cures,0.04355746880173683,main,0.06591474878034899,0.39658070018569,0.1098325480320702,-5.002865444971323,-1.8125029293350496
origin_2023_04,regime_aware_logit,months_since_30_dpd_cure,0.21084880828857422,main,22.106400585016136,18.014389778566088,0.011704465756561274,-5.002865444971323,-1.8125029293350496
origin_2023_04,regime_aware_logit,p_stress,-0.4191693365573883,main,0.6359437928049344,0.48113674857992483,-0.8712062377163388,-5.002865444971323,-1.8125029293350496
origin_2023_04,regime_aware_logit,p_stress_x_credit_score,-0.5523584485054016,interaction_product,475.78590709770106,361.924824843941,-0.0015261690013763881,-5.002865444971323,-1.8125029293350496
origin_2023_04,regime_aware_logit,p_stress_x_original_cltv,-0.5310724377632141,interaction_product,47.42481171268916,38.58323576077964,-0.013764331251425423,-5.002865444971323,-1.8125029293350496
origin_2023_04,regime_aware_logit,p_stress_x_original_dti,0.1932067573070526,interaction_product,21.90275945658904,18.110313229218242,0.010668327756769156,-5.002865444971323,-1.8125029293350496
origin_2023_04,regime_aware_logit,p_stress_x_original_ltv,0.3776424527168274,interaction_product,47.03696176677141,38.26432023559336,0.00986931037561058,-5.002865444971323,-1.8125029293350496
origin_2023_04,regime_aware_logit,p_stress_x_original_interest_rate,0.666093647480011,interaction_product,2.5721930405355744,1.993956046532983,0.33405633420966824,-5.002865444971323,-1.8125029293350496
origin_2023_04,regime_aware_logit,p_stress_x_current_delinquency_months,-0.010756527073681355,interaction_product,0.004574299925424281,0.0754715128850098,-0.14252433351998992,-5.002865444971323,-1.8125029293350496
origin_2023_04,regime_aware_logit,p_stress_x_recent_60_dpd_3m,0.05479860678315163,interaction_product,0.0009131812254552785,0.03020474626282548,1.8142382758763664,-5.002865444971323,-1.8125029293350496
origin_2023_04,regime_aware_logit,p_stress_x_months_since_30_dpd,0.5555301308631897,interaction_product,11.608315190172561,13.945700351308192,0.03983522640446505,-5.002865444971323,-1.8125029293350496
