model,fold,month_date,n,event_count,event_rate,pred_mean,brier,log_loss,predicted_defaults,count_error,absolute_count_error
baseline_logit,origin_2021_04,2021-04-01,127180,844,0.006636263563453373,0.016256953154596028,0.006285993364410638,0.03647659191543815,2067.5593022015228,1223.5593022015228,1223.5593022015228
baseline_logit,origin_2021_04,2021-05-01,129506,787,0.0060769385202230014,0.016127573774012947,0.005888861080150258,0.034797459486646025,2088.6175691773205,1301.6175691773205,1301.6175691773205
baseline_logit,origin_2021_04,2021-06-01,131593,751,0.005706990493415303,0.015928194528183708,0.005651978015473356,0.033947119101608386,2096.0389025472787,1345.0389025472787,1345.0389025472787
baseline_logit,origin_2021_04,2021-07-01,134680,757,0.0056207306207306205,0.015858797473700878,0.005595110882368229,0.03368725669445236,2135.862843758034,1378.8628437580342,1378.8628437580342
baseline_logit,origin_2021_04,2021-08-01,137248,721,0.005253264164140826,0.015679239953726075,0.005250850977365168,0.03235443659093585,2151.9443251689963,1430.9443251689963,1430.9443251689963
baseline_logit,origin_2021_04,2021-09-01,140411,728,0.005184778970308594,0.015760472365767858,0.005143773226141581,0.03190072145973252,2212.943685349831,1484.943685349831,1484.943685349831
baseline_logit,origin_2021_04,2021-10-01,143568,713,0.004966287752145325,0.015940512457342893,0.004949313857870872,0.031191166074878356,2288.5474924758046,1575.5474924758046,1575.5474924758046
baseline_logit,origin_2021_04,2021-11-01,147223,689,0.004679975275602317,0.015745934822601955,0.00482510571315032,0.03076966631038385,2318.163762387928,1629.1637623879278,1629.1637623879278
baseline_logit,origin_2021_04,2021-12-01,150571,704,0.004675535129606631,0.015676424995620504,0.004943426533164744,0.03141709660339892,2360.414988015575,1656.414988015575,1656.414988015575
baseline_logit,origin_2021_04,2022-01-01,153543,745,0.004852060986173254,0.015779470708406428,0.005172121168725789,0.032462193810062386,2422.827270980848,1677.827270980848,1677.827270980848
baseline_logit,origin_2021_04,2022-02-01,157073,779,0.004959477440425789,0.016054044506022658,0.0053237659888311405,0.03319963745624391,2521.656932694497,1742.6569326944968,1742.6569326944968
baseline_logit,origin_2021_04,2022-03-01,160026,783,0.00489295489482959,0.015992735877205816,0.00527295439402662,0.032957846454659115,2559.253551485738,1776.2535514857382,1776.2535514857382
macro_logit,origin_2021_04,2021-04-01,127180,844,0.006636263563453373,0.40332013034799935,0.1681676050110872,0.5248596558704305,51294.25417765856,50450.25417765856,50450.25417765856
macro_logit,origin_2021_04,2021-05-01,129506,787,0.0060769385202230014,0.29754751342327546,0.09418649477343534,0.3610446844609089,38534.18827339471,37747.18827339471,37747.18827339471
macro_logit,origin_2021_04,2021-06-01,131593,751,0.005706990493415303,0.12744393281125133,0.02121753123889458,0.1463991540430228,16770.729450430998,16019.729450430998,16019.729450430998
macro_logit,origin_2021_04,2021-07-01,134680,757,0.0056207306207306205,0.12899101887780523,0.021567790984810892,0.14802728342391805,17372.51042246281,16615.51042246281,16615.51042246281
macro_logit,origin_2021_04,2021-08-01,137248,721,0.005253264164140826,0.17019709183433446,0.033791122374283646,0.19472301979015996,23359.210460078735,22638.210460078735,22638.210460078735
macro_logit,origin_2021_04,2021-09-01,140411,728,0.005184778970308594,0.21679356954089668,0.051966599815070895,0.2516435244307814,30440.201892806843,29712.201892806843,29712.201892806843
macro_logit,origin_2021_04,2021-10-01,143568,713,0.004966287752145325,0.3147275673817973,0.10439214958207033,0.38502370170442396,45184.80739386987,44471.80739386987,44471.80739386987
macro_logit,origin_2021_04,2021-11-01,147223,689,0.004679975275602317,0.3594637167906653,0.13462204283393192,0.4529619881183188,52921.326777072114,52232.326777072114,52232.326777072114
macro_logit,origin_2021_04,2021-12-01,150571,704,0.004675535129606631,0.39167934948231703,0.1587666539597333,0.5049291117123287,58975.55133090196,58271.55133090196,58271.55133090196
macro_logit,origin_2021_04,2022-01-01,153543,745,0.004852060986173254,0.4823218513767936,0.23754631052631844,0.6681325726782121,74057.14402594703,73312.14402594703,73312.14402594703
macro_logit,origin_2021_04,2022-02-01,157073,779,0.004959477440425789,0.379897006826884,0.14979399413745373,0.48575320590249155,59671.56255331915,58892.56255331915,58892.56255331915
macro_logit,origin_2021_04,2022-03-01,160026,783,0.00489295489482959,0.46740940665883274,0.22365456144764623,0.6397070087484752,74797.65770998636,74014.65770998636,74014.65770998636
regime_aware_logit,origin_2021_04,2021-04-01,127180,844,0.006636263563453373,0.018113437592325952,0.00689502982380321,0.04018719010386977,2303.6669929920145,1459.6669929920145,1459.6669929920145
regime_aware_logit,origin_2021_04,2021-05-01,129506,787,0.0060769385202230014,0.017923843027464605,0.006395228582224269,0.0380929789119433,2321.2452151148314,1534.2452151148314,1534.2452151148314
regime_aware_logit,origin_2021_04,2021-06-01,131593,751,0.005706990493415303,0.017523294866485264,0.006063877845843526,0.03698199919222923,2305.942941365395,1554.9429413653952,1554.9429413653952
regime_aware_logit,origin_2021_04,2021-07-01,134680,757,0.0056207306207306205,0.01735597717247011,0.005927796071963279,0.03644981778232091,2337.5030055882744,1580.5030055882744,1580.5030055882744
regime_aware_logit,origin_2021_04,2021-08-01,137248,721,0.005253264164140826,0.017178581940400964,0.005588195297791324,0.03493709731023511,2357.7260141561515,1636.7260141561515,1636.7260141561515
regime_aware_logit,origin_2021_04,2021-09-01,140411,728,0.005184778970308594,0.017209589633971255,0.005461759431897979,0.03438590689814484,2416.4156900955377,1688.4156900955377,1688.4156900955377
regime_aware_logit,origin_2021_04,2021-10-01,143568,713,0.004966287752145325,0.017252598198258192,0.0052106838062085555,0.033496279961575476,2476.921018127532,1763.921018127532,1763.921018127532
regime_aware_logit,origin_2021_04,2021-11-01,147223,689,0.004679975275602317,0.017017949562244516,0.005074280361013719,0.03305647387225403,2505.4335884023244,1816.4335884023244,1816.4335884023244
regime_aware_logit,origin_2021_04,2021-12-01,150571,704,0.004675535129606631,0.016930860524515843,0.005230008067883865,0.03376402879326869,2549.296600036875,1845.2966000368751,1845.2966000368751
regime_aware_logit,origin_2021_04,2022-01-01,153543,745,0.004852060986173254,0.01704299878055689,0.005441443934383262,0.03485028257562241,2616.8331617630465,1871.8331617630465,1871.8331617630465
regime_aware_logit,origin_2021_04,2022-02-01,157073,779,0.004959477440425789,0.017155052409459987,0.005540898759914912,0.035351096782280926,2694.5955471111088,1915.5955471111088,1915.5955471111088
regime_aware_logit,origin_2021_04,2022-03-01,160026,783,0.00489295489482959,0.020123220634385278,0.006098330409288737,0.039534484857925684,3220.2385052381383,2437.2385052381383,2437.2385052381383
baseline_logit,origin_2022_04,2022-04-01,163376,808,0.004945646851434727,0.005071980498233144,0.004665063529845166,0.026635517658805837,828.6398858793382,20.63988587933818,20.63988587933818
baseline_logit,origin_2022_04,2022-05-01,166614,814,0.004885543831850865,0.0052679636382063945,0.004586831141225839,0.02611556277238196,877.7164936161201,63.71649361612015,63.71649361612015
baseline_logit,origin_2022_04,2022-06-01,169321,835,0.004931461543458874,0.005465598231627282,0.004629808949323595,0.02645463583541553,925.4405581773631,90.44055817736307,90.44055817736307
baseline_logit,origin_2022_04,2022-07-01,172501,850,0.004927507666622222,0.005657018895917574,0.004727857235034674,0.026695935270514476,975.8414165646775,125.8414165646775,125.8414165646775
baseline_logit,origin_2022_04,2022-08-01,175882,916,0.005208037206763626,0.00587412083834805,0.004865206376953698,0.027520473616770603,1033.1521212903317,117.1521212903317,117.1521212903317
baseline_logit,origin_2022_04,2022-09-01,179158,935,0.00521885709820382,0.006126383305115753,0.004909246875310318,0.027432227198989596,1097.5905801779281,162.59058017792813,162.59058017792813
baseline_logit,origin_2022_04,2022-10-01,181677,966,0.005317128750474744,0.006427262525058664,0.004943901837105907,0.02714517370289123,1167.6857737650828,201.68577376508279,201.68577376508279
baseline_logit,origin_2022_04,2022-11-01,185262,1020,0.005505716228908249,0.006948219812335333,0.005068168905006487,0.02765066200810325,1287.2410988728684,267.2410988728684,267.2410988728684
baseline_logit,origin_2022_04,2022-12-01,188203,1022,0.005430306636982407,0.007509125513668899,0.005014869517998271,0.027565600501295223,1413.239949049028,391.2399490490279,391.2399490490279
baseline_logit,origin_2022_04,2023-01-01,191154,1066,0.005576655471504651,0.007901726785410424,0.005147009374739026,0.028590183300015722,1510.4466819383442,444.4466819383442,444.4466819383442
baseline_logit,origin_2022_04,2023-02-01,193586,1070,0.00552725920262829,0.008440333136113021,0.005172205848981829,0.028711760467704652,1633.9303304875752,563.9303304875752,563.9303304875752
baseline_logit,origin_2022_04,2023-03-01,196113,1106,0.005639605737508477,0.008524129546050564,0.0052307319976572855,0.029248732468075286,1671.6926176646143,565.6926176646143,565.6926176646143
macro_logit,origin_2022_04,2022-04-01,163376,808,0.004945646851434727,0.0022840081837732216,0.004652055424784023,0.02626391970002231,373.15212103213383,-434.84787896786617,434.84787896786617
macro_logit,origin_2022_04,2022-05-01,166614,814,0.004885543831850865,0.0022616127110632526,0.004580495184277626,0.025749078220536563,376.81634024109275,-437.18365975890725,437.18365975890725
macro_logit,origin_2022_04,2022-06-01,169321,835,0.004931461543458874,0.0021399529383089432,0.004604788173292992,0.026234476018892526,362.33897146740856,-472.66102853259144,472.66102853259144
macro_logit,origin_2022_04,2022-07-01,172501,850,0.004927507666622222,0.0014316406181645613,0.004737039837104937,0.027822391330135234,246.95943827400498,-603.0405617259951,603.0405617259951
macro_logit,origin_2022_04,2022-08-01,175882,916,0.005208037206763626,0.0039260043341026165,0.004761864530549403,0.025985601710562717,690.5134942906363,-225.48650570936366,225.48650570936366
macro_logit,origin_2022_04,2022-09-01,179158,935,0.00521885709820382,0.01781707840179094,0.0052418254299612475,0.03251367542956981,3192.0721323080616,2257.0721323080616,2257.0721323080616
macro_logit,origin_2022_04,2022-10-01,181677,966,0.005317128750474744,0.017914302523384076,0.005211698926381149,0.032145826282045604,3254.616739540849,2288.616739540849,2288.616739540849
macro_logit,origin_2022_04,2022-11-01,185262,1020,0.005505716228908249,0.01122692227483685,0.004913849767691723,0.02770816028672296,2079.9220744808244,1059.9220744808244,1059.9220744808244
macro_logit,origin_2022_04,2022-12-01,188203,1022,0.005430306636982407,0.010371757707471625,0.004839821033292305,0.027054661751882318,1951.9959158192823,929.9959158192823,929.9959158192823
macro_logit,origin_2022_04,2023-01-01,191154,1066,0.005576655471504651,0.05289932741687989,0.010570781855880413,0.06635253297333357,10111.918033046259,9045.918033046259,9045.918033046259
macro_logit,origin_2022_04,2023-02-01,193586,1070,0.00552725920262829,0.05053493538099588,0.010399767632498872,0.06425196315137317,9782.856000665468,8712.856000665468,8712.856000665468
macro_logit,origin_2022_04,2023-03-01,196113,1106,0.005639605737508477,0.07054667830804566,0.014780165611196328,0.0858368546572107,13835.120723025759,12729.120723025759,12729.120723025759
regime_aware_logit,origin_2022_04,2022-04-01,163376,808,0.004945646851434727,0.005875637479677167,0.004840786167051491,0.029190820150652916,959.9381488797369,151.9381488797369,151.9381488797369
regime_aware_logit,origin_2022_04,2022-05-01,166614,814,0.004885543831850865,0.00602917500874349,0.0047700020002794915,0.028658514157589927,1004.5449649067879,190.54496490678787,190.54496490678787
regime_aware_logit,origin_2022_04,2022-06-01,169321,835,0.004931461543458874,0.0062558852143540095,0.004818977148253299,0.02909425248602964,1059.2527403796353,224.25274037963527,224.25274037963527
regime_aware_logit,origin_2022_04,2022-07-01,172501,850,0.004927507666622222,0.006508199649051594,0.0048582788543601076,0.02918652910084494,1122.670947661049,272.670947661049,272.670947661049
regime_aware_logit,origin_2022_04,2022-08-01,175882,916,0.005208037206763626,0.006815341523677417,0.005071092783441841,0.03015818982163636,1198.6958978674315,282.69589786743154,282.69589786743154
regime_aware_logit,origin_2022_04,2022-09-01,179158,935,0.00521885709820382,0.007150590063264803,0.00510696628147695,0.030139609217554666,1281.0854145543956,346.0854145543956,346.0854145543956
regime_aware_logit,origin_2022_04,2022-10-01,181677,966,0.005317128750474744,0.007503397456486799,0.005168323435250922,0.029965550822154186,1363.1947397021522,397.1947397021522,397.1947397021522
regime_aware_logit,origin_2022_04,2022-11-01,185262,1020,0.005505716228908249,0.008113604474152256,0.005330321467105661,0.03065141250341827,1503.142592090395,483.14259209039506,483.14259209039506
regime_aware_logit,origin_2022_04,2022-12-01,188203,1022,0.005430306636982407,0.008943031395527754,0.005292540568812594,0.030667137258490382,1683.1053377325097,661.1053377325097,661.1053377325097
regime_aware_logit,origin_2022_04,2023-01-01,191154,1066,0.005576655471504651,0.00967489188972987,0.00547547716532647,0.03190511440912048,1849.3942842894235,783.3942842894235,783.3942842894235
regime_aware_logit,origin_2022_04,2023-02-01,193586,1070,0.00552725920262829,0.010362419616027787,0.005463916775232417,0.03195988538264846,2006.0193637883553,936.0193637883553,936.0193637883553
regime_aware_logit,origin_2022_04,2023-03-01,196113,1106,0.005639605737508477,0.010775076987928662,0.005571956400605685,0.03277276886348504,2113.1326733336537,1007.1326733336537,1007.1326733336537
baseline_logit,origin_2023_04,2023-04-01,200066,1117,0.005583157558005858,0.0073060749866243665,0.005239291235233888,0.02838372365490273,1461.6971982739906,344.6971982739906,344.6971982739906
baseline_logit,origin_2023_04,2023-05-01,202454,1134,0.005601272387801674,0.0076121790374211505,0.005218062321273736,0.0284778012639455,1541.1160948420616,407.11609484206156,407.11609484206156
baseline_logit,origin_2023_04,2023-06-01,205586,1185,0.0057640111680756475,0.008112916704973876,0.00539968272180434,0.029277082278582823,1667.9020937087594,482.90209370875937,482.90209370875937
baseline_logit,origin_2023_04,2023-07-01,208458,1236,0.005929251935641712,0.008550805310282248,0.0055085098059760446,0.02975273875543099,1782.4837733708166,546.4837733708166,546.4837733708166
baseline_logit,origin_2023_04,2023-08-01,211302,1256,0.0059440989673547814,0.008851164169128527,0.005566670594180486,0.030284281915750645,1870.2686912651961,614.2686912651961,614.2686912651961
baseline_logit,origin_2023_04,2023-09-01,214272,1322,0.006169728195937874,0.009514769594979908,0.005738745050405522,0.031000757267169426,2038.748710655535,716.748710655535,716.748710655535
baseline_logit,origin_2023_04,2023-10-01,216233,1379,0.006377379955880925,0.009931361900539655,0.0059192394758318945,0.03178513575386017,2147.488177839391,768.488177839391,768.488177839391
baseline_logit,origin_2023_04,2023-11-01,219245,1412,0.006440283700882574,0.010632551229815853,0.005971083277429402,0.03211325009233851,2331.1336943809765,919.1336943809765,919.1336943809765
baseline_logit,origin_2023_04,2023-12-01,221251,1516,0.006851946431880534,0.01129145540520549,0.006317997370306393,0.033768952701466536,2498.24579985712,982.2457998571199,982.2457998571199
baseline_logit,origin_2023_04,2024-01-01,223304,1595,0.007142729194282234,0.01156523538393785,0.006648721364608215,0.035465890268137415,2582.5633221748576,987.5633221748576,987.5633221748576
baseline_logit,origin_2023_04,2024-02-01,225349,1626,0.007215474663743793,0.011986781363842654,0.0067440724273312835,0.0359292754948275,2701.209193560578,1075.2091935605781,1075.2091935605781
baseline_logit,origin_2023_04,2024-03-01,227891,1652,0.0072490796038456986,0.012294612958838406,0.006791687135870737,0.036160801497900345,2801.8316418026434,1149.8316418026434,1149.8316418026434
macro_logit,origin_2023_04,2023-04-01,200066,1117,0.005583157558005858,0.01621526593139168,0.0051372943452133385,0.0316964141476164,3244.1233938298074,2127.1233938298074,2127.1233938298074
macro_logit,origin_2023_04,2023-05-01,202454,1134,0.005601272387801674,0.019624709137287685,0.0051660626535444155,0.0340474597236267,3973.1008636804413,2839.1008636804413,2839.1008636804413
macro_logit,origin_2023_04,2023-06-01,205586,1185,0.0057640111680756475,0.010545995860157316,0.005102348506436557,0.028606128795406926,2168.109104906302,983.109104906302,983.109104906302
macro_logit,origin_2023_04,2023-07-01,208458,1236,0.005929251935641712,0.011856315109769675,0.005223053007303638,0.029609232539016015,2471.543735152367,1235.543735152367,1235.543735152367
macro_logit,origin_2023_04,2023-08-01,211302,1256,0.0059440989673547814,0.018665325294379153,0.005553859142973344,0.03463282281566157,3944.0205653529038,2688.0205653529038,2688.0205653529038
macro_logit,origin_2023_04,2023-09-01,214272,1322,0.006169728195937874,0.009882627061924925,0.005411391579462726,0.02944981035033673,2117.5702658127775,795.5702658127775,795.5702658127775
macro_logit,origin_2023_04,2023-10-01,216233,1379,0.006377379955880925,0.006808787850580455,0.005614858709593142,0.02935437329933194,1472.2846232945635,93.28462329456352,93.28462329456352
macro_logit,origin_2023_04,2023-11-01,219245,1412,0.006440283700882574,0.0036629672026982757,0.005754182663902417,0.030281527241668157,803.0872443555835,-608.9127556444165,608.9127556444165
macro_logit,origin_2023_04,2023-12-01,221251,1516,0.006851946431880534,0.005176025324118502,0.005977897422525974,0.030924368233578248,1145.2007789865427,-370.7992210134573,370.7992210134573
macro_logit,origin_2023_04,2024-01-01,223304,1595,0.007142729194282234,0.011797026545478206,0.006312562642638541,0.033670090323643515,2634.3232157114653,1039.3232157114653,1039.3232157114653
macro_logit,origin_2023_04,2024-02-01,225349,1626,0.007215474663743793,0.014155300587756513,0.006392825090491713,0.035023063273204154,3189.8828321503424,1563.8828321503424,1563.8828321503424
macro_logit,origin_2023_04,2024-03-01,227891,1652,0.0072490796038456986,0.013526436430490887,0.0063825027452368175,0.034720478980884754,3082.553124580999,1430.5531245809989,1430.5531245809989
regime_aware_logit,origin_2023_04,2023-04-01,200066,1117,0.005583157558005858,0.007426486095420567,0.005235619855068312,0.02825513384890221,1485.787367166411,368.78736716641106,368.78736716641106
regime_aware_logit,origin_2023_04,2023-05-01,202454,1134,0.005601272387801674,0.007699621858690531,0.005218501008260593,0.02835180722181632,1558.8192437793327,424.81924377933274,424.81924377933274
regime_aware_logit,origin_2023_04,2023-06-01,205586,1185,0.0057640111680756475,0.008225987869752385,0.0054170284145883645,0.02924849539315553,1691.147942190914,506.1479421909139,506.1479421909139
regime_aware_logit,origin_2023_04,2023-07-01,208458,1236,0.005929251935641712,0.008623887006402396,0.005522360665386961,0.02972808926869967,1797.7182375806306,561.7182375806306,561.7182375806306
regime_aware_logit,origin_2023_04,2023-08-01,211302,1256,0.0059440989673547814,0.01660333776635525,0.006019305577144124,0.03612996913032694,3508.318476706397,2252.318476706397,2252.318476706397
regime_aware_logit,origin_2023_04,2023-09-01,214272,1322,0.006169728195937874,0.021425067908686223,0.006712301460683483,0.040851833113589725,4590.792150930014,3268.792150930014,3268.792150930014
regime_aware_logit,origin_2023_04,2023-10-01,216233,1379,0.006377379955880925,0.02262384008265982,0.006999929020872137,0.0422646995409962,4892.020812593781,3513.0208125937806,3513.0208125937806
regime_aware_logit,origin_2023_04,2023-11-01,219245,1412,0.006440283700882574,0.024324304887848234,0.007245971639459042,0.04365634937934007,5332.982225136286,3920.9822251362857,3920.9822251362857
regime_aware_logit,origin_2023_04,2023-12-01,221251,1516,0.006851946431880534,0.02596368662199694,0.007712076432048487,0.045908223421936886,5744.491628803445,4228.491628803445,4228.491628803445
regime_aware_logit,origin_2023_04,2024-01-01,223304,1595,0.007142729194282234,0.027111279208342887,0.008222236046052532,0.04840744102734574,6054.0570923398,4459.0570923398,4459.0570923398
regime_aware_logit,origin_2023_04,2024-02-01,225349,1626,0.007215474663743793,0.028272269838239238,0.008441629226319925,0.049519679716004746,6371.127735777374,4745.127735777374,4745.127735777374
regime_aware_logit,origin_2023_04,2024-03-01,227891,1652,0.0072490796038456986,0.029255325872033035,0.008581718927235419,0.05040519972411649,6667.02546830348,5015.02546830348,5015.02546830348
