fold,model,feature,standardized_coefficient
origin_2021_04,baseline_logit,credit_score,-0.38435277342796326
origin_2021_04,baseline_logit,mi_percent,0.1201845183968544
origin_2021_04,baseline_logit,number_of_units,0.025026515126228333
origin_2021_04,baseline_logit,original_cltv,0.04567793756723404
origin_2021_04,baseline_logit,original_dti,0.35889989137649536
origin_2021_04,baseline_logit,original_upb,-0.24306124448776245
origin_2021_04,baseline_logit,original_ltv,0.08910175412893295
origin_2021_04,baseline_logit,original_interest_rate,0.2165919989347458
origin_2021_04,baseline_logit,original_loan_term,0.421098917722702
origin_2021_04,baseline_logit,number_of_borrowers,-0.23280294239521027
origin_2021_04,baseline_logit,loan_age_months,0.36581262946128845
origin_2021_04,baseline_logit,remaining_months_to_legal_maturity,-0.6641082763671875
origin_2021_04,baseline_logit,current_actual_upb,0.5605714917182922
origin_2021_04,baseline_logit,current_interest_rate,0.3652845621109009
origin_2021_04,baseline_logit,credit_score_missing,-0.041683416813611984
origin_2021_04,baseline_logit,mi_percent_missing,0.0
origin_2021_04,baseline_logit,number_of_units_missing,0.0
origin_2021_04,baseline_logit,original_cltv_missing,0.21191808581352234
origin_2021_04,baseline_logit,original_dti_missing,-0.10632558166980743
origin_2021_04,baseline_logit,original_ltv_missing,-0.2547224760055542
origin_2021_04,baseline_logit,number_of_borrowers_missing,0.0
origin_2021_04,baseline_logit,current_delinquency_months,0.053462814539670944
origin_2021_04,baseline_logit,current_30_dpd,0.03953715041279793
origin_2021_04,baseline_logit,current_60_dpd,0.06355386227369308
origin_2021_04,baseline_logit,recent_30_dpd_3m,0.044986989349126816
origin_2021_04,baseline_logit,recent_60_dpd_3m,0.09341863542795181
origin_2021_04,baseline_logit,ever_30_dpd,0.14708268642425537
origin_2021_04,baseline_logit,ever_60_dpd,0.05807898938655853
origin_2021_04,baseline_logit,months_since_30_dpd,0.13797977566719055
origin_2021_04,baseline_logit,months_since_60_dpd,0.04461335018277168
origin_2021_04,baseline_logit,delinquent_30_months_3m,-0.029989702627062798
origin_2021_04,baseline_logit,delinquent_30_months_6m,0.0035906978882849216
origin_2021_04,baseline_logit,delinquent_30_months_12m,0.004323170520365238
origin_2021_04,baseline_logit,delinquent_60_months_3m,0.005202881526201963
origin_2021_04,baseline_logit,delinquent_60_months_6m,-0.030894586816430092
origin_2021_04,baseline_logit,delinquent_60_months_12m,-0.08691800385713577
origin_2021_04,baseline_logit,cured_from_30_dpd,-0.0037410305812954903
origin_2021_04,baseline_logit,cumulative_30_dpd_cures,-0.026227112859487534
origin_2021_04,baseline_logit,months_since_30_dpd_cure,-0.0989992767572403
origin_2021_04,macro_logit,credit_score,-0.43270936608314514
origin_2021_04,macro_logit,mi_percent,0.09804356098175049
origin_2021_04,macro_logit,number_of_units,-0.0012417435646057129
origin_2021_04,macro_logit,original_cltv,-0.016240380704402924
origin_2021_04,macro_logit,original_dti,0.3272171914577484
origin_2021_04,macro_logit,original_upb,-0.8238423466682434
origin_2021_04,macro_logit,original_ltv,0.07761956751346588
origin_2021_04,macro_logit,original_interest_rate,-0.6890464425086975
origin_2021_04,macro_logit,original_loan_term,3.958071708679199
origin_2021_04,macro_logit,number_of_borrowers,-0.23322322964668274
origin_2021_04,macro_logit,loan_age_months,-0.7473307847976685
origin_2021_04,macro_logit,remaining_months_to_legal_maturity,-4.0920281410217285
origin_2021_04,macro_logit,current_actual_upb,1.0434682369232178
origin_2021_04,macro_logit,current_interest_rate,1.0139334201812744
origin_2021_04,macro_logit,credit_score_missing,-0.06982161849737167
origin_2021_04,macro_logit,mi_percent_missing,0.0
origin_2021_04,macro_logit,number_of_units_missing,0.0
origin_2021_04,macro_logit,original_cltv_missing,1.2491158246994019
origin_2021_04,macro_logit,original_dti_missing,0.060079578310251236
origin_2021_04,macro_logit,original_ltv_missing,-3.8746511936187744
origin_2021_04,macro_logit,number_of_borrowers_missing,0.0
origin_2021_04,macro_logit,current_delinquency_months,0.09324803203344345
origin_2021_04,macro_logit,current_30_dpd,0.035045064985752106
origin_2021_04,macro_logit,current_60_dpd,0.1903509646654129
origin_2021_04,macro_logit,recent_30_dpd_3m,0.15773698687553406
origin_2021_04,macro_logit,recent_60_dpd_3m,0.1577553153038025
origin_2021_04,macro_logit,ever_30_dpd,0.09345528483390808
origin_2021_04,macro_logit,ever_60_dpd,-0.05035996064543724
origin_2021_04,macro_logit,months_since_30_dpd,0.1865611970424652
origin_2021_04,macro_logit,months_since_60_dpd,0.05186162889003754
origin_2021_04,macro_logit,delinquent_30_months_3m,-0.03129882365465164
origin_2021_04,macro_logit,delinquent_30_months_6m,-0.02777457982301712
origin_2021_04,macro_logit,delinquent_30_months_12m,-0.048670437186956406
origin_2021_04,macro_logit,delinquent_60_months_3m,-0.032690051943063736
origin_2021_04,macro_logit,delinquent_60_months_6m,0.057756997644901276
origin_2021_04,macro_logit,delinquent_60_months_12m,-0.27694129943847656
origin_2021_04,macro_logit,cured_from_30_dpd,-0.0832308754324913
origin_2021_04,macro_logit,cumulative_30_dpd_cures,0.01660938747227192
origin_2021_04,macro_logit,months_since_30_dpd_cure,-0.18186858296394348
origin_2021_04,macro_logit,inflation,0.3340797424316406
origin_2021_04,macro_logit,policy_rate,0.1912095844745636
origin_2021_04,macro_logit,unemployment,-1.8464387655258179
origin_2021_04,macro_logit,unemployment_change,0.40519946813583374
origin_2021_04,macro_logit,house_price_growth,-0.2601730227470398
origin_2021_04,macro_logit,mortgage_rate,-0.45467549562454224
origin_2021_04,macro_logit,mortgage_spread,0.3511827886104584
origin_2021_04,macro_logit,long_rate,-0.4753342568874359
origin_2021_04,macro_logit,long_rate_change,0.23764459788799286
origin_2021_04,macro_logit,yield_curve,1.2946934700012207
origin_2021_04,macro_logit,initial_claims,1.9604620933532715
origin_2021_04,macro_logit,initial_claims_change,-2.1321563720703125
origin_2021_04,macro_logit,payroll_growth,0.18990342319011688
origin_2021_04,macro_logit,real_income_growth,-0.050784334540367126
origin_2021_04,macro_logit,financial_conditions,0.17984095215797424
origin_2021_04,macro_logit,consumer_sentiment,-0.029750000685453415
origin_2021_04,macro_logit,consumer_sentiment_change,-0.09977566450834274
origin_2021_04,regime_aware_logit,credit_score,-0.421853244304657
origin_2021_04,regime_aware_logit,mi_percent,0.08655674755573273
origin_2021_04,regime_aware_logit,number_of_units,0.03771885484457016
origin_2021_04,regime_aware_logit,original_cltv,0.00429292768239975
origin_2021_04,regime_aware_logit,original_dti,0.39604467153549194
origin_2021_04,regime_aware_logit,original_upb,-0.37796902656555176
origin_2021_04,regime_aware_logit,original_ltv,0.05009665712714195
origin_2021_04,regime_aware_logit,original_interest_rate,0.000822516973130405
origin_2021_04,regime_aware_logit,original_loan_term,1.449905276298523
origin_2021_04,regime_aware_logit,number_of_borrowers,-0.21133409440517426
origin_2021_04,regime_aware_logit,loan_age_months,0.20971867442131042
origin_2021_04,regime_aware_logit,remaining_months_to_legal_maturity,-1.6855556964874268
origin_2021_04,regime_aware_logit,current_actual_upb,0.7352436184883118
origin_2021_04,regime_aware_logit,current_interest_rate,0.4964585304260254
origin_2021_04,regime_aware_logit,credit_score_missing,-0.05517028644680977
origin_2021_04,regime_aware_logit,mi_percent_missing,0.0
origin_2021_04,regime_aware_logit,number_of_units_missing,0.0
origin_2021_04,regime_aware_logit,original_cltv_missing,0.5196457505226135
origin_2021_04,regime_aware_logit,original_dti_missing,-0.129661425948143
origin_2021_04,regime_aware_logit,original_ltv_missing,-0.8379484415054321
origin_2021_04,regime_aware_logit,number_of_borrowers_missing,0.0
origin_2021_04,regime_aware_logit,current_delinquency_months,0.05947815254330635
origin_2021_04,regime_aware_logit,current_30_dpd,0.054863762110471725
origin_2021_04,regime_aware_logit,current_60_dpd,0.04370085522532463
origin_2021_04,regime_aware_logit,recent_30_dpd_3m,0.02445707656443119
origin_2021_04,regime_aware_logit,recent_60_dpd_3m,0.03299466893076897
origin_2021_04,regime_aware_logit,ever_30_dpd,0.17929553985595703
origin_2021_04,regime_aware_logit,ever_60_dpd,0.03598325327038765
origin_2021_04,regime_aware_logit,months_since_30_dpd,0.032773714512586594
origin_2021_04,regime_aware_logit,months_since_60_dpd,0.03266491740942001
origin_2021_04,regime_aware_logit,delinquent_30_months_3m,-0.01199241541326046
origin_2021_04,regime_aware_logit,delinquent_30_months_6m,0.09384244680404663
origin_2021_04,regime_aware_logit,delinquent_30_months_12m,0.01839412935078144
origin_2021_04,regime_aware_logit,delinquent_60_months_3m,-0.023388439789414406
origin_2021_04,regime_aware_logit,delinquent_60_months_6m,0.06564149260520935
origin_2021_04,regime_aware_logit,delinquent_60_months_12m,-0.1854311227798462
origin_2021_04,regime_aware_logit,cured_from_30_dpd,0.029385771602392197
origin_2021_04,regime_aware_logit,cumulative_30_dpd_cures,-0.009513131342828274
origin_2021_04,regime_aware_logit,months_since_30_dpd_cure,-0.13775555789470673
origin_2021_04,regime_aware_logit,p_stress,-0.7064287066459656
origin_2021_04,regime_aware_logit,p_stress_x_credit_score,-0.12062634527683258
origin_2021_04,regime_aware_logit,p_stress_x_original_cltv,0.008950802497565746
origin_2021_04,regime_aware_logit,p_stress_x_original_dti,0.04384307190775871
origin_2021_04,regime_aware_logit,p_stress_x_original_ltv,0.07719124853610992
origin_2021_04,regime_aware_logit,p_stress_x_original_interest_rate,0.45435386896133423
origin_2021_04,regime_aware_logit,p_stress_x_current_delinquency_months,-0.05082886293530464
origin_2021_04,regime_aware_logit,p_stress_x_recent_60_dpd_3m,-0.06750521808862686
origin_2021_04,regime_aware_logit,p_stress_x_months_since_30_dpd,0.14930525422096252
origin_2022_04,baseline_logit,credit_score,-0.3685981035232544
origin_2022_04,baseline_logit,mi_percent,0.10715177655220032
origin_2022_04,baseline_logit,number_of_units,-0.031200267374515533
origin_2022_04,baseline_logit,original_cltv,0.060838181525468826
origin_2022_04,baseline_logit,original_dti,0.3365521728992462
origin_2022_04,baseline_logit,original_upb,-0.3815594017505646
origin_2022_04,baseline_logit,original_ltv,0.06568929553031921
origin_2022_04,baseline_logit,original_interest_rate,0.09148868918418884
origin_2022_04,baseline_logit,original_loan_term,0.6465967893600464
origin_2022_04,baseline_logit,number_of_borrowers,-0.22923769056797028
origin_2022_04,baseline_logit,loan_age_months,0.013111340813338757
origin_2022_04,baseline_logit,remaining_months_to_legal_maturity,-0.8530202507972717
origin_2022_04,baseline_logit,current_actual_upb,0.7092543840408325
origin_2022_04,baseline_logit,current_interest_rate,0.36017999053001404
origin_2022_04,baseline_logit,credit_score_missing,-0.05231166258454323
origin_2022_04,baseline_logit,mi_percent_missing,0.0
origin_2022_04,baseline_logit,number_of_units_missing,0.0
origin_2022_04,baseline_logit,original_cltv_missing,-0.025969937443733215
origin_2022_04,baseline_logit,original_dti_missing,-0.06233588978648186
origin_2022_04,baseline_logit,original_ltv_missing,-0.3231734335422516
origin_2022_04,baseline_logit,number_of_borrowers_missing,0.0
origin_2022_04,baseline_logit,current_delinquency_months,0.09487681090831757
origin_2022_04,baseline_logit,current_30_dpd,0.08455336838960648
origin_2022_04,baseline_logit,current_60_dpd,0.08173845708370209
origin_2022_04,baseline_logit,recent_30_dpd_3m,0.12030555307865143
origin_2022_04,baseline_logit,recent_60_dpd_3m,0.08895578980445862
origin_2022_04,baseline_logit,ever_30_dpd,0.1831316202878952
origin_2022_04,baseline_logit,ever_60_dpd,0.0197907667607069
origin_2022_04,baseline_logit,months_since_30_dpd,-0.1895434707403183
origin_2022_04,baseline_logit,months_since_60_dpd,0.07508359104394913
origin_2022_04,baseline_logit,delinquent_30_months_3m,-0.08947981894016266
origin_2022_04,baseline_logit,delinquent_30_months_6m,0.027798457071185112
origin_2022_04,baseline_logit,delinquent_30_months_12m,0.045624908059835434
origin_2022_04,baseline_logit,delinquent_60_months_3m,-0.003107626223936677
origin_2022_04,baseline_logit,delinquent_60_months_6m,-0.02920202910900116
origin_2022_04,baseline_logit,delinquent_60_months_12m,-0.15910223126411438
origin_2022_04,baseline_logit,cured_from_30_dpd,0.03264215588569641
origin_2022_04,baseline_logit,cumulative_30_dpd_cures,0.0019545345567166805
origin_2022_04,baseline_logit,months_since_30_dpd_cure,0.248716339468956
origin_2022_04,macro_logit,credit_score,-0.4207788407802582
origin_2022_04,macro_logit,mi_percent,0.06992553174495697
origin_2022_04,macro_logit,number_of_units,-0.022953147068619728
origin_2022_04,macro_logit,original_cltv,0.11231585592031479
origin_2022_04,macro_logit,original_dti,0.3173370957374573
origin_2022_04,macro_logit,original_upb,-0.5957027673721313
origin_2022_04,macro_logit,original_ltv,0.04700666666030884
origin_2022_04,macro_logit,original_interest_rate,-0.05063037574291229
origin_2022_04,macro_logit,original_loan_term,0.9619415402412415
origin_2022_04,macro_logit,number_of_borrowers,-0.220113605260849
origin_2022_04,macro_logit,loan_age_months,-0.2564419209957123
origin_2022_04,macro_logit,remaining_months_to_legal_maturity,-1.0852985382080078
origin_2022_04,macro_logit,current_actual_upb,0.9284210801124573
origin_2022_04,macro_logit,current_interest_rate,0.25812390446662903
origin_2022_04,macro_logit,credit_score_missing,-0.054536063224077225
origin_2022_04,macro_logit,mi_percent_missing,0.0
origin_2022_04,macro_logit,number_of_units_missing,0.0
origin_2022_04,macro_logit,original_cltv_missing,-0.03948032483458519
origin_2022_04,macro_logit,original_dti_missing,0.01573214679956436
origin_2022_04,macro_logit,original_ltv_missing,-0.3824087083339691
origin_2022_04,macro_logit,number_of_borrowers_missing,0.0
origin_2022_04,macro_logit,current_delinquency_months,0.09618653357028961
origin_2022_04,macro_logit,current_30_dpd,0.0814778208732605
origin_2022_04,macro_logit,current_60_dpd,0.0913819968700409
origin_2022_04,macro_logit,recent_30_dpd_3m,0.11680605262517929
origin_2022_04,macro_logit,recent_60_dpd_3m,0.10044553130865097
origin_2022_04,macro_logit,ever_30_dpd,0.16522033512592316
origin_2022_04,macro_logit,ever_60_dpd,0.006954943761229515
origin_2022_04,macro_logit,months_since_30_dpd,-0.21528103947639465
origin_2022_04,macro_logit,months_since_60_dpd,0.024457233026623726
origin_2022_04,macro_logit,delinquent_30_months_3m,-0.08460734039545059
origin_2022_04,macro_logit,delinquent_30_months_6m,0.01962338201701641
origin_2022_04,macro_logit,delinquent_30_months_12m,0.052810896188020706
origin_2022_04,macro_logit,delinquent_60_months_3m,-0.00378018943592906
origin_2022_04,macro_logit,delinquent_60_months_6m,-0.02436855249106884
origin_2022_04,macro_logit,delinquent_60_months_12m,-0.15138103067874908
origin_2022_04,macro_logit,cured_from_30_dpd,0.027583569288253784
origin_2022_04,macro_logit,cumulative_30_dpd_cures,-0.00965808890759945
origin_2022_04,macro_logit,months_since_30_dpd_cure,0.22747446596622467
origin_2022_04,macro_logit,inflation,0.4065248668193817
origin_2022_04,macro_logit,policy_rate,1.0458239316940308
origin_2022_04,macro_logit,unemployment,-1.157206416130066
origin_2022_04,macro_logit,unemployment_change,0.30476200580596924
origin_2022_04,macro_logit,house_price_growth,-0.35407754778862
origin_2022_04,macro_logit,mortgage_rate,-0.7026430368423462
origin_2022_04,macro_logit,mortgage_spread,1.2043343782424927
origin_2022_04,macro_logit,long_rate,-0.9739249348640442
origin_2022_04,macro_logit,long_rate_change,0.4079976975917816
origin_2022_04,macro_logit,yield_curve,0.6533493995666504
origin_2022_04,macro_logit,initial_claims,0.6431798338890076
origin_2022_04,macro_logit,initial_claims_change,-0.40715673565864563
origin_2022_04,macro_logit,payroll_growth,-0.4888719618320465
origin_2022_04,macro_logit,real_income_growth,0.1054190918803215
origin_2022_04,macro_logit,financial_conditions,-0.41095179319381714
origin_2022_04,macro_logit,consumer_sentiment,0.7117066383361816
origin_2022_04,macro_logit,consumer_sentiment_change,-0.25463858246803284
origin_2022_04,regime_aware_logit,credit_score,-0.2917298376560211
origin_2022_04,regime_aware_logit,mi_percent,0.10994235426187515
origin_2022_04,regime_aware_logit,number_of_units,-0.033159948885440826
origin_2022_04,regime_aware_logit,original_cltv,0.15367095172405243
origin_2022_04,regime_aware_logit,original_dti,0.2834101617336273
origin_2022_04,regime_aware_logit,original_upb,-0.38689151406288147
origin_2022_04,regime_aware_logit,original_ltv,0.010606810450553894
origin_2022_04,regime_aware_logit,original_interest_rate,0.01023838296532631
origin_2022_04,regime_aware_logit,original_loan_term,0.6730289459228516
origin_2022_04,regime_aware_logit,number_of_borrowers,-0.22873415052890778
origin_2022_04,regime_aware_logit,loan_age_months,-0.04192928969860077
origin_2022_04,regime_aware_logit,remaining_months_to_legal_maturity,-0.8999679088592529
origin_2022_04,regime_aware_logit,current_actual_upb,0.7085856795310974
origin_2022_04,regime_aware_logit,current_interest_rate,0.31169962882995605
origin_2022_04,regime_aware_logit,credit_score_missing,-0.053681038320064545
origin_2022_04,regime_aware_logit,mi_percent_missing,0.0
origin_2022_04,regime_aware_logit,number_of_units_missing,0.0
origin_2022_04,regime_aware_logit,original_cltv_missing,-0.12169395387172699
origin_2022_04,regime_aware_logit,original_dti_missing,-0.05943724885582924
origin_2022_04,regime_aware_logit,original_ltv_missing,-0.33107438683509827
origin_2022_04,regime_aware_logit,number_of_borrowers_missing,0.0
origin_2022_04,regime_aware_logit,current_delinquency_months,0.1030990406870842
origin_2022_04,regime_aware_logit,current_30_dpd,0.0942118689417839
origin_2022_04,regime_aware_logit,current_60_dpd,0.08421120047569275
origin_2022_04,regime_aware_logit,recent_30_dpd_3m,0.1127663105726242
origin_2022_04,regime_aware_logit,recent_60_dpd_3m,0.04836319759488106
origin_2022_04,regime_aware_logit,ever_30_dpd,0.19659970700740814
origin_2022_04,regime_aware_logit,ever_60_dpd,0.0028840971644967794
origin_2022_04,regime_aware_logit,months_since_30_dpd,-0.30900201201438904
origin_2022_04,regime_aware_logit,months_since_60_dpd,0.0014564195880666375
origin_2022_04,regime_aware_logit,delinquent_30_months_3m,-0.08149299025535583
origin_2022_04,regime_aware_logit,delinquent_30_months_6m,0.037560105323791504
origin_2022_04,regime_aware_logit,delinquent_30_months_12m,0.053732942789793015
origin_2022_04,regime_aware_logit,delinquent_60_months_3m,0.00477264542132616
origin_2022_04,regime_aware_logit,delinquent_60_months_6m,-0.03254443779587746
origin_2022_04,regime_aware_logit,delinquent_60_months_12m,-0.17190639674663544
origin_2022_04,regime_aware_logit,cured_from_30_dpd,0.02910718321800232
origin_2022_04,regime_aware_logit,cumulative_30_dpd_cures,0.003951908089220524
origin_2022_04,regime_aware_logit,months_since_30_dpd_cure,0.14970560371875763
origin_2022_04,regime_aware_logit,p_stress,-0.4472736418247223
origin_2022_04,regime_aware_logit,p_stress_x_credit_score,-0.7391508221626282
origin_2022_04,regime_aware_logit,p_stress_x_original_cltv,-0.19430695474147797
origin_2022_04,regime_aware_logit,p_stress_x_original_dti,0.13479018211364746
origin_2022_04,regime_aware_logit,p_stress_x_original_ltv,0.07923185080289841
origin_2022_04,regime_aware_logit,p_stress_x_original_interest_rate,0.7524749040603638
origin_2022_04,regime_aware_logit,p_stress_x_current_delinquency_months,-0.007921559736132622
origin_2022_04,regime_aware_logit,p_stress_x_recent_60_dpd_3m,0.06333086639642715
origin_2022_04,regime_aware_logit,p_stress_x_months_since_30_dpd,0.4949599802494049
origin_2023_04,baseline_logit,credit_score,-0.3783877193927765
origin_2023_04,baseline_logit,mi_percent,0.09655484557151794
origin_2023_04,baseline_logit,number_of_units,0.022295167669653893
origin_2023_04,baseline_logit,original_cltv,0.06534463912248611
origin_2023_04,baseline_logit,original_dti,0.3397958278656006
origin_2023_04,baseline_logit,original_upb,-0.3557412624359131
origin_2023_04,baseline_logit,original_ltv,0.02601471170783043
origin_2023_04,baseline_logit,original_interest_rate,-0.1194176897406578
origin_2023_04,baseline_logit,original_loan_term,1.4023261070251465
origin_2023_04,baseline_logit,number_of_borrowers,-0.24751152098178864
origin_2023_04,baseline_logit,loan_age_months,-0.41472798585891724
origin_2023_04,baseline_logit,remaining_months_to_legal_maturity,-1.5962773561477661
origin_2023_04,baseline_logit,current_actual_upb,0.7003097534179688
origin_2023_04,baseline_logit,current_interest_rate,0.5887302756309509
origin_2023_04,baseline_logit,credit_score_missing,-0.0699886754155159
origin_2023_04,baseline_logit,mi_percent_missing,0.0
origin_2023_04,baseline_logit,number_of_units_missing,0.0
origin_2023_04,baseline_logit,original_cltv_missing,-0.16744934022426605
origin_2023_04,baseline_logit,original_dti_missing,-0.049585625529289246
origin_2023_04,baseline_logit,original_ltv_missing,-1.2865841388702393
origin_2023_04,baseline_logit,number_of_borrowers_missing,0.0
origin_2023_04,baseline_logit,current_delinquency_months,0.10082819312810898
origin_2023_04,baseline_logit,current_30_dpd,0.0912594199180603
origin_2023_04,baseline_logit,current_60_dpd,0.08361703157424927
origin_2023_04,baseline_logit,recent_30_dpd_3m,0.13450361788272858
origin_2023_04,baseline_logit,recent_60_dpd_3m,0.08094415068626404
origin_2023_04,baseline_logit,ever_30_dpd,0.16868801414966583
origin_2023_04,baseline_logit,ever_60_dpd,-0.02673625946044922
origin_2023_04,baseline_logit,months_since_30_dpd,-0.25975725054740906
origin_2023_04,baseline_logit,months_since_60_dpd,0.11562810093164444
origin_2023_04,baseline_logit,delinquent_30_months_3m,-0.1096392571926117
origin_2023_04,baseline_logit,delinquent_30_months_6m,0.010421095415949821
origin_2023_04,baseline_logit,delinquent_30_months_12m,0.04842779040336609
origin_2023_04,baseline_logit,delinquent_60_months_3m,-0.033843427896499634
origin_2023_04,baseline_logit,delinquent_60_months_6m,0.036311279982328415
origin_2023_04,baseline_logit,delinquent_60_months_12m,-0.37161651253700256
origin_2023_04,baseline_logit,cured_from_30_dpd,0.009877152740955353
origin_2023_04,baseline_logit,cumulative_30_dpd_cures,0.0008359323255717754
origin_2023_04,baseline_logit,months_since_30_dpd_cure,0.3945656716823578
origin_2023_04,macro_logit,credit_score,-0.4190135598182678
origin_2023_04,macro_logit,mi_percent,0.06915096193552017
origin_2023_04,macro_logit,number_of_units,0.036062635481357574
origin_2023_04,macro_logit,original_cltv,0.10113345086574554
origin_2023_04,macro_logit,original_dti,0.3164733648300171
origin_2023_04,macro_logit,original_upb,-0.7341512441635132
origin_2023_04,macro_logit,original_ltv,0.00868946872651577
origin_2023_04,macro_logit,original_interest_rate,-0.20469699800014496
origin_2023_04,macro_logit,original_loan_term,1.6668922901153564
origin_2023_04,macro_logit,number_of_borrowers,-0.2519989013671875
origin_2023_04,macro_logit,loan_age_months,-0.49670884013175964
origin_2023_04,macro_logit,remaining_months_to_legal_maturity,-1.7930457592010498
origin_2023_04,macro_logit,current_actual_upb,1.0836480855941772
origin_2023_04,macro_logit,current_interest_rate,0.43777212500572205
origin_2023_04,macro_logit,credit_score_missing,-0.07138531655073166
origin_2023_04,macro_logit,mi_percent_missing,0.0
origin_2023_04,macro_logit,number_of_units_missing,0.0
origin_2023_04,macro_logit,original_cltv_missing,-0.1041681170463562
origin_2023_04,macro_logit,original_dti_missing,0.005208847112953663
origin_2023_04,macro_logit,original_ltv_missing,-1.4712475538253784
origin_2023_04,macro_logit,number_of_borrowers_missing,0.0
origin_2023_04,macro_logit,current_delinquency_months,0.11390670388936996
origin_2023_04,macro_logit,current_30_dpd,0.10531136393547058
origin_2023_04,macro_logit,current_60_dpd,0.08996210247278214
origin_2023_04,macro_logit,recent_30_dpd_3m,0.11839520931243896
origin_2023_04,macro_logit,recent_60_dpd_3m,0.05020974203944206
origin_2023_04,macro_logit,ever_30_dpd,0.17855356633663177
origin_2023_04,macro_logit,ever_60_dpd,-0.007830632850527763
origin_2023_04,macro_logit,months_since_30_dpd,-0.24875189363956451
origin_2023_04,macro_logit,months_since_60_dpd,0.0759282037615776
origin_2023_04,macro_logit,delinquent_30_months_3m,-0.10400891304016113
origin_2023_04,macro_logit,delinquent_30_months_6m,0.02308671548962593
origin_2023_04,macro_logit,delinquent_30_months_12m,0.05295317620038986
origin_2023_04,macro_logit,delinquent_60_months_3m,-0.03381139412522316
origin_2023_04,macro_logit,delinquent_60_months_6m,0.002227155491709709
origin_2023_04,macro_logit,delinquent_60_months_12m,-0.3196881413459778
origin_2023_04,macro_logit,cured_from_30_dpd,0.009504671208560467
origin_2023_04,macro_logit,cumulative_30_dpd_cures,0.006442822515964508
origin_2023_04,macro_logit,months_since_30_dpd_cure,0.29516011476516724
origin_2023_04,macro_logit,inflation,1.02253258228302
origin_2023_04,macro_logit,policy_rate,1.1226009130477905
origin_2023_04,macro_logit,unemployment,-0.7800447940826416
origin_2023_04,macro_logit,unemployment_change,0.29041776061058044
origin_2023_04,macro_logit,house_price_growth,-0.37716227769851685
origin_2023_04,macro_logit,mortgage_rate,-0.6003572344779968
origin_2023_04,macro_logit,mortgage_spread,1.2306104898452759
origin_2023_04,macro_logit,long_rate,-0.9938071370124817
origin_2023_04,macro_logit,long_rate_change,0.42737460136413574
origin_2023_04,macro_logit,yield_curve,0.6271689534187317
origin_2023_04,macro_logit,initial_claims,0.7255366444587708
origin_2023_04,macro_logit,initial_claims_change,-0.4265950918197632
origin_2023_04,macro_logit,payroll_growth,-0.03616505116224289
origin_2023_04,macro_logit,real_income_growth,0.07035574316978455
origin_2023_04,macro_logit,financial_conditions,-0.5370471477508545
origin_2023_04,macro_logit,consumer_sentiment,0.9779248833656311
origin_2023_04,macro_logit,consumer_sentiment_change,-0.20960809290409088
origin_2023_04,regime_aware_logit,credit_score,-0.3168901801109314
origin_2023_04,regime_aware_logit,mi_percent,0.1066514253616333
origin_2023_04,regime_aware_logit,number_of_units,0.015624788589775562
origin_2023_04,regime_aware_logit,original_cltv,0.25525590777397156
origin_2023_04,regime_aware_logit,original_dti,0.2835191488265991
origin_2023_04,regime_aware_logit,original_upb,-0.3616041839122772
origin_2023_04,regime_aware_logit,original_ltv,-0.1451895385980606
origin_2023_04,regime_aware_logit,original_interest_rate,-0.14140594005584717
origin_2023_04,regime_aware_logit,original_loan_term,1.467748761177063
origin_2023_04,regime_aware_logit,number_of_borrowers,-0.24481695890426636
origin_2023_04,regime_aware_logit,loan_age_months,-0.4399722218513489
origin_2023_04,regime_aware_logit,remaining_months_to_legal_maturity,-1.7105389833450317
origin_2023_04,regime_aware_logit,current_actual_upb,0.6913509964942932
origin_2023_04,regime_aware_logit,current_interest_rate,0.5762596130371094
origin_2023_04,regime_aware_logit,credit_score_missing,-0.07120649516582489
origin_2023_04,regime_aware_logit,mi_percent_missing,0.0
origin_2023_04,regime_aware_logit,number_of_units_missing,0.0
origin_2023_04,regime_aware_logit,original_cltv_missing,-0.15084363520145416
origin_2023_04,regime_aware_logit,original_dti_missing,-0.05894232541322708
origin_2023_04,regime_aware_logit,original_ltv_missing,-1.3742293119430542
origin_2023_04,regime_aware_logit,number_of_borrowers_missing,0.0
origin_2023_04,regime_aware_logit,current_delinquency_months,0.11533660441637039
origin_2023_04,regime_aware_logit,current_30_dpd,0.10201781243085861
origin_2023_04,regime_aware_logit,current_60_dpd,0.10042794048786163
origin_2023_04,regime_aware_logit,recent_30_dpd_3m,0.1290731281042099
origin_2023_04,regime_aware_logit,recent_60_dpd_3m,0.04300646111369133
origin_2023_04,regime_aware_logit,ever_30_dpd,0.1990445852279663
origin_2023_04,regime_aware_logit,ever_60_dpd,-0.03606513887643814
origin_2023_04,regime_aware_logit,months_since_30_dpd,-0.403805136680603
origin_2023_04,regime_aware_logit,months_since_60_dpd,0.0533992238342762
origin_2023_04,regime_aware_logit,delinquent_30_months_3m,-0.10059241205453873
origin_2023_04,regime_aware_logit,delinquent_30_months_6m,0.02282985858619213
origin_2023_04,regime_aware_logit,delinquent_30_months_12m,0.053492285311222076
origin_2023_04,regime_aware_logit,delinquent_60_months_3m,-0.028953421860933304
origin_2023_04,regime_aware_logit,delinquent_60_months_6m,0.03647257760167122
origin_2023_04,regime_aware_logit,delinquent_60_months_12m,-0.4001792073249817
origin_2023_04,regime_aware_logit,cured_from_30_dpd,0.007618005853146315
origin_2023_04,regime_aware_logit,cumulative_30_dpd_cures,-0.010340218432247639
origin_2023_04,regime_aware_logit,months_since_30_dpd_cure,0.3027304708957672
origin_2023_04,regime_aware_logit,p_stress,-0.41140618920326233
origin_2023_04,regime_aware_logit,p_stress_x_credit_score,-0.6585986018180847
origin_2023_04,regime_aware_logit,p_stress_x_original_cltv,-0.47817742824554443
origin_2023_04,regime_aware_logit,p_stress_x_original_dti,0.19784030318260193
origin_2023_04,regime_aware_logit,p_stress_x_original_ltv,0.37127161026000977
origin_2023_04,regime_aware_logit,p_stress_x_original_interest_rate,0.636817455291748
origin_2023_04,regime_aware_logit,p_stress_x_current_delinquency_months,-0.05140626057982445
origin_2023_04,regime_aware_logit,p_stress_x_recent_60_dpd_3m,-0.001073448802344501
origin_2023_04,regime_aware_logit,p_stress_x_months_since_30_dpd,0.5573868751525879
