model,fold,split,bin,n,mean_pred,observed_rate,event_count
baseline_logit,origin_2021_04,validation,0,147205,0.0010685228231467414,0.001453754967562243,214
baseline_logit,origin_2021_04,validation,1,147205,0.002399472548730034,0.004184640467375429,616
baseline_logit,origin_2021_04,validation,2,147205,0.004037110105832894,0.005923711830440542,872
baseline_logit,origin_2021_04,validation,3,147205,0.006042186387396962,0.00821982948948745,1210
baseline_logit,origin_2021_04,validation,4,147205,0.00849426340502305,0.00894670697326857,1317
baseline_logit,origin_2021_04,validation,5,147204,0.01159553952052357,0.011100241841254313,1634
baseline_logit,origin_2021_04,validation,6,147204,0.015643386043921438,0.01351186109073123,1989
baseline_logit,origin_2021_04,validation,7,147204,0.02148600544607218,0.017390831770875793,2560
baseline_logit,origin_2021_04,validation,8,147204,0.03180351495888865,0.026344392815412624,3878
baseline_logit,origin_2021_04,validation,9,147204,0.1253721587778721,0.1309271487187848,19273
baseline_logit,origin_2021_04,test,0,176572,0.0007593353414960182,0.0007079265115646875,125
baseline_logit,origin_2021_04,test,1,176572,0.0014391558213515951,0.0012855945450014725,227
baseline_logit,origin_2021_04,test,2,176572,0.0022302718706874378,0.00228801848537707,404
baseline_logit,origin_2021_04,test,3,176572,0.003377726018683168,0.00314885712343973,556
baseline_logit,origin_2021_04,test,4,176571,0.005316463897763253,0.0037492000385114205,662
baseline_logit,origin_2021_04,test,5,176571,0.008667782830700932,0.0035792967135033498,632
baseline_logit,origin_2021_04,test,6,176571,0.013818557901950261,0.0033584223909928585,593
baseline_logit,origin_2021_04,test,7,176571,0.021475412599042617,0.004394832673542088,776
baseline_logit,origin_2021_04,test,8,176571,0.03445443098507116,0.006184481030293763,1092
baseline_logit,origin_2021_04,test,9,176571,0.09268133152842727,0.022279989352724967,3934
macro_logit,origin_2021_04,validation,0,147205,0.019765773586215674,0.013124554193132026,1932
macro_logit,origin_2021_04,validation,1,147205,0.019765773586215674,0.015108182466628171,2224
macro_logit,origin_2021_04,validation,2,147205,0.019765773586215674,0.016521177949118577,2432
macro_logit,origin_2021_04,validation,3,147205,0.019765773586215674,0.021718012295777998,3197
macro_logit,origin_2021_04,validation,4,147205,0.019765773586215674,0.02350463639142692,3460
macro_logit,origin_2021_04,validation,5,147204,0.019765773586215674,0.03071248063911307,4521
macro_logit,origin_2021_04,validation,6,147204,0.019765773586215674,0.027757397896796283,4086
macro_logit,origin_2021_04,validation,7,147204,0.019765773586215674,0.021826852531181218,3213
macro_logit,origin_2021_04,validation,8,147204,0.019765773586215674,0.010427705768864976,1535
macro_logit,origin_2021_04,validation,9,147204,0.050116855154212984,0.047301703758050054,6963
macro_logit,origin_2021_04,test,0,176572,0.7960966830363004,0.0012402872482613326,219
macro_logit,origin_2021_04,test,1,176572,0.9728093560277518,0.003273452189475115,578
macro_logit,origin_2021_04,test,2,176572,0.9940874062007405,0.004655324740049385,822
macro_logit,origin_2021_04,test,3,176572,0.9988544251640742,0.0037661690415241376,665
macro_logit,origin_2021_04,test,4,176571,0.9996520236362226,0.0028543758601355827,504
macro_logit,origin_2021_04,test,5,176571,0.9998443711270426,0.0024692616567839566,436
macro_logit,origin_2021_04,test,6,176571,0.9999195692173038,0.0030356060734775246,536
macro_logit,origin_2021_04,test,7,176571,0.9999572413844228,0.003873795810184005,684
macro_logit,origin_2021_04,test,8,176571,0.9999789642050861,0.0055388483952630956,978
macro_logit,origin_2021_04,test,9,176571,0.9999931051368913,0.0202694666734628,3579
regime_aware_logit,origin_2021_04,validation,0,147205,0.01650520922255388,0.03086851669440576,4544
regime_aware_logit,origin_2021_04,validation,1,147205,0.018610375876342507,0.02124927821745185,3128
regime_aware_logit,origin_2021_04,validation,2,147205,0.020041399168149125,0.01582826670289732,2330
regime_aware_logit,origin_2021_04,validation,3,147205,0.021264638944231227,0.01398729662715261,2059
regime_aware_logit,origin_2021_04,validation,4,147205,0.022348858619928087,0.013946537142080771,2053
regime_aware_logit,origin_2021_04,validation,5,147204,0.023357384580251158,0.016134072443683596,2375
regime_aware_logit,origin_2021_04,validation,6,147204,0.024346634256073692,0.017886742208092173,2633
regime_aware_logit,origin_2021_04,validation,7,147204,0.025413938376083075,0.023233064318904376,3420
regime_aware_logit,origin_2021_04,validation,8,147204,0.026748420114578786,0.029904078693513764,4402
regime_aware_logit,origin_2021_04,validation,9,147204,0.029471707858945477,0.044964810738838616,6619
regime_aware_logit,origin_2021_04,test,0,176572,0.017109865051876914,0.0008891556985252475,157
regime_aware_logit,origin_2021_04,test,1,176572,0.018625116368207347,0.001551774913349795,274
regime_aware_logit,origin_2021_04,test,2,176572,0.01957007258626531,0.0018406089300681875,325
regime_aware_logit,origin_2021_04,test,3,176572,0.0204393479159332,0.0027920621616111274,493
regime_aware_logit,origin_2021_04,test,4,176571,0.02130900847499583,0.0030016254084759106,530
regime_aware_logit,origin_2021_04,test,5,176571,0.022252196722520882,0.0035396526043348,625
regime_aware_logit,origin_2021_04,test,6,176571,0.0232838886300285,0.003296124505156566,582
regime_aware_logit,origin_2021_04,test,7,176571,0.024441546648919146,0.00382848825684852,676
regime_aware_logit,origin_2021_04,test,8,176571,0.025911554488776543,0.0057993668269421365,1024
regime_aware_logit,origin_2021_04,test,9,176571,0.029532176684248384,0.024437761580327462,4315
baseline_logit,origin_2022_04,validation,0,176572,0.0004602600785873566,0.00052103391251161,92
baseline_logit,origin_2022_04,validation,1,176572,0.0008119295486660999,0.0011666628910586049,206
baseline_logit,origin_2022_04,validation,2,176572,0.001152038777361977,0.0013931993747593049,246
baseline_logit,origin_2022_04,validation,3,176572,0.0015426862099836437,0.002027501529121265,358
baseline_logit,origin_2022_04,validation,4,176571,0.002014635501946297,0.002339002440944436,413
baseline_logit,origin_2022_04,validation,5,176571,0.002630085552210517,0.0030356060734775246,536
baseline_logit,origin_2022_04,validation,6,176571,0.0034900581103315897,0.00382848825684852,676
baseline_logit,origin_2022_04,validation,7,176571,0.00479656234502194,0.003805834480180777,672
baseline_logit,origin_2022_04,validation,8,176571,0.007155448581516349,0.0057823764944413296,1021
baseline_logit,origin_2022_04,validation,9,176571,0.026056982800526887,0.027076926562119488,4781
baseline_logit,origin_2022_04,test,0,223359,0.000531472122779911,0.00040741586414695625,91
baseline_logit,origin_2022_04,test,1,223359,0.0009559250978455317,0.0008461714101513707,189
baseline_logit,origin_2022_04,test,2,223359,0.0013695275769211503,0.0013386521250542847,299
baseline_logit,origin_2022_04,test,3,223359,0.0018486157545020102,0.0017192054047519912,384
baseline_logit,origin_2022_04,test,4,223359,0.0024435422279104916,0.002780277490497361,621
baseline_logit,origin_2022_04,test,5,223359,0.0032411544365035043,0.003402594030238316,760
baseline_logit,origin_2022_04,test,6,223358,0.0043950142228139045,0.003913000653659148,874
baseline_logit,origin_2022_04,test,7,223358,0.006198149491548209,0.0047188817951450135,1054
baseline_logit,origin_2022_04,test,8,223358,0.009521208832533722,0.005748618809265842,1284
baseline_logit,origin_2022_04,test,9,223358,0.03237126405740272,0.026191137098290636,5850
macro_logit,origin_2022_04,validation,0,176572,0.0004984294444924135,0.0005153705004190925,91
macro_logit,origin_2022_04,validation,1,176572,0.0009232074638912823,0.0008325215776000725,147
macro_logit,origin_2022_04,validation,2,176572,0.001310384625808016,0.0013875359626667875,245
macro_logit,origin_2022_04,validation,3,176572,0.001730629978342089,0.0016707065672926624,295
macro_logit,origin_2022_04,validation,4,176571,0.0022225262253012337,0.0022936948876089505,405
macro_logit,origin_2022_04,validation,5,176571,0.0028341520294487476,0.0028826930809702613,509
macro_logit,origin_2022_04,validation,6,176571,0.0036411025943971936,0.003205509398485595,566
macro_logit,origin_2022_04,validation,7,176571,0.0048069359792316515,0.004813927541895328,850
macro_logit,origin_2022_04,validation,8,176571,0.006831891112939823,0.006263769248630862,1106
macro_logit,origin_2022_04,validation,9,176571,0.02615315011998276,0.0271109072271211,4787
macro_logit,origin_2022_04,test,0,223359,0.0004514455521226384,0.0005551600786178305,124
macro_logit,origin_2022_04,test,1,223359,0.0009624334176532379,0.001284926956155785,287
macro_logit,origin_2022_04,test,2,223359,0.0015755726590331474,0.002220640314471322,496
macro_logit,origin_2022_04,test,3,223359,0.002445147522748047,0.0030668117246226926,685
macro_logit,origin_2022_04,test,4,223359,0.003789628148657381,0.0033533459587480243,749
macro_logit,origin_2022_04,test,5,223359,0.005914903497089366,0.0033667772509726494,752
macro_logit,origin_2022_04,test,6,223358,0.009264783261909982,0.0033623152069771397,751
macro_logit,origin_2022_04,test,7,223358,0.014868988672634476,0.004266692932422389,953
macro_logit,origin_2022_04,test,8,223358,0.026039780750498946,0.005600873933326767,1251
macro_logit,origin_2022_04,test,9,223358,0.08902209730038745,0.023988395311562605,5358
regime_aware_logit,origin_2022_04,validation,0,176572,0.0006981220453914755,0.000419092494846295,74
regime_aware_logit,origin_2022_04,validation,1,176572,0.0011157201375512247,0.0008325215776000725,147
regime_aware_logit,origin_2022_04,validation,2,176572,0.001454685967198348,0.00088349228643273,156
regime_aware_logit,origin_2022_04,validation,3,176572,0.0018067606870116066,0.001257277484538885,222
regime_aware_logit,origin_2022_04,validation,4,176571,0.0022050259036986747,0.0019029172400903886,336
regime_aware_logit,origin_2022_04,validation,5,176571,0.0026739530563065187,0.0022936948876089505,405
regime_aware_logit,origin_2022_04,validation,6,176571,0.0032641256694862964,0.0035679698251694786,630
regime_aware_logit,origin_2022_04,validation,7,176571,0.004111123396495469,0.004089006688527561,722
regime_aware_logit,origin_2022_04,validation,8,176571,0.005681205420724617,0.006824450221157494,1205
regime_aware_logit,origin_2022_04,validation,9,176571,0.027787252856710718,0.028906219028039713,5104
regime_aware_logit,origin_2022_04,test,0,223359,0.00030520899012688506,0.00041189296155516456,92
regime_aware_logit,origin_2022_04,test,1,223359,0.0006034661964273648,0.0010565949883371614,236
regime_aware_logit,origin_2022_04,test,2,223359,0.0009392685310571033,0.0015043047291579924,336
regime_aware_logit,origin_2022_04,test,3,223359,0.0013942233411456735,0.002538514230454112,567
regime_aware_logit,origin_2022_04,test,4,223359,0.0020696200941123792,0.0035682466343420235,797
regime_aware_logit,origin_2022_04,test,5,223359,0.0031502394224676928,0.00421294866112402,941
regime_aware_logit,origin_2022_04,test,6,223358,0.004860727652574467,0.0042353531102534946,946
regime_aware_logit,origin_2022_04,test,7,223358,0.007571532555004438,0.0042756471673277875,955
regime_aware_logit,origin_2022_04,test,8,223358,0.012380844272964065,0.00654106859839361,1461
regime_aware_logit,origin_2022_04,test,9,223358,0.04070928886992851,0.022721371072448714,5075
baseline_logit,origin_2023_04,validation,0,223359,0.0003874559821403232,0.0003402594030238316,76
baseline_logit,origin_2023_04,validation,1,223359,0.0007481263283410485,0.0008640797997842039,193
baseline_logit,origin_2023_04,validation,2,223359,0.0010904767330460166,0.0011416598390931192,255
baseline_logit,origin_2023_04,validation,3,223359,0.0014801178044317746,0.0014819192421169508,331
baseline_logit,origin_2023_04,validation,4,223359,0.0019534249349468214,0.0020460335155511977,457
baseline_logit,origin_2023_04,validation,5,223359,0.0025725544573231614,0.0032503727183592333,726
baseline_logit,origin_2023_04,validation,6,223358,0.003445800791247698,0.0036533278414025913,816
baseline_logit,origin_2023_04,validation,7,223358,0.004834912160506988,0.005372540943239105,1200
baseline_logit,origin_2023_04,validation,8,223358,0.007523145654876432,0.006626133829994896,1480
baseline_logit,origin_2023_04,validation,9,223358,0.026853716132316973,0.02628963368225002,5872
baseline_logit,origin_2023_04,test,0,265156,0.00047774852089090995,0.0005543906228786073,147
baseline_logit,origin_2023_04,test,1,265156,0.0009496517175691375,0.0006713029311047081,178
baseline_logit,origin_2023_04,test,2,265156,0.001445203651047372,0.00120683673007588,320
baseline_logit,origin_2023_04,test,3,265156,0.002051305490708602,0.0016141441264764893,428
baseline_logit,origin_2023_04,test,4,265156,0.0028658688671934786,0.002843609045241292,754
baseline_logit,origin_2023_04,test,5,265156,0.004057178521510178,0.0030812050264749807,817
baseline_logit,origin_2023_04,test,6,265156,0.005963725500575711,0.00469534915295147,1245
baseline_logit,origin_2023_04,test,7,265156,0.009313112843241395,0.0055627630526935085,1475
baseline_logit,origin_2023_04,test,8,265155,0.016203018800913457,0.008591201372781958,2278
baseline_logit,origin_2023_04,test,9,265155,0.05499566004552689,0.03312779317757538,8784
macro_logit,origin_2023_04,validation,0,223359,0.00034922508158818287,0.0006223165397409551,139
macro_logit,origin_2023_04,validation,1,223359,0.0006933418125679949,0.0011953850079916188,267
macro_logit,origin_2023_04,validation,2,223359,0.0010382613076636946,0.0019923083466526982,445
macro_logit,origin_2023_04,validation,3,223359,0.00145808669128845,0.002529560035637695,565
macro_logit,origin_2023_04,validation,4,223359,0.002001023331710292,0.002936975899784652,656
macro_logit,origin_2023_04,validation,5,223359,0.0027432781845275955,0.003375731445789066,754
macro_logit,origin_2023_04,validation,6,223358,0.003809446863810578,0.003823458304605163,854
macro_logit,origin_2023_04,validation,7,223358,0.005459308896114247,0.004096562469219817,915
macro_logit,origin_2023_04,validation,8,223358,0.008442149958594991,0.005533717171536278,1236
macro_logit,origin_2023_04,validation,9,223358,0.025086100812079827,0.024959929798798342,5575
macro_logit,origin_2023_04,test,0,265156,0.000988392563016466,0.0006750742958861953,179
macro_logit,origin_2023_04,test,1,265156,0.0021302300215467473,0.0012973494848315709,344
macro_logit,origin_2023_04,test,2,265156,0.003250153827175417,0.0015651163843171567,415
macro_logit,origin_2023_04,test,3,265156,0.004503279584534845,0.0019535669568103305,518
macro_logit,origin_2023_04,test,4,265156,0.005989322206986569,0.00233447479974053,619
macro_logit,origin_2023_04,test,5,265156,0.007857368007465866,0.00296429271824888,786
macro_logit,origin_2023_04,test,6,265156,0.010381642152812613,0.004227699920047067,1121
macro_logit,origin_2023_04,test,7,265156,0.014157760044115508,0.005102656549352079,1353
macro_logit,origin_2023_04,test,8,265155,0.020893678750581162,0.008097150723161924,2147
macro_logit,origin_2023_04,test,9,265155,0.05521559465177587,0.033731213818332675,8944
regime_aware_logit,origin_2023_04,validation,0,223359,0.0004945283233625623,0.00040293876673874794,90
regime_aware_logit,origin_2023_04,validation,1,223359,0.0008579290691797958,0.0005059120071275391,113
regime_aware_logit,origin_2023_04,validation,2,223359,0.0011576391225749585,0.0008819881894170372,197
regime_aware_logit,origin_2023_04,validation,3,223359,0.0014906449232821208,0.0013789460017281595,308
regime_aware_logit,origin_2023_04,validation,4,223359,0.0018788903518452147,0.0018848580088556986,421
regime_aware_logit,origin_2023_04,validation,5,223359,0.002363421094318171,0.0023280906522683215,520
regime_aware_logit,origin_2023_04,validation,6,223358,0.0030387036471040316,0.0034966287305581174,781
regime_aware_logit,origin_2023_04,validation,7,223358,0.004163970249106398,0.004839763966367894,1081
regime_aware_logit,origin_2023_04,validation,8,223358,0.006635914611518254,0.007879726716750687,1760
regime_aware_logit,origin_2023_04,validation,9,223358,0.028212172541028976,0.027467115572309925,6135
regime_aware_logit,origin_2023_04,test,0,265156,0.0005654940343302544,0.0006449033776342983,171
regime_aware_logit,origin_2023_04,test,1,265156,0.0011081846424758198,0.0009843262079681394,261
regime_aware_logit,origin_2023_04,test,2,265156,0.0017059022844498157,0.0015952873025690537,423
regime_aware_logit,origin_2023_04,test,3,265156,0.0025214034382339975,0.00238727390668135,633
regime_aware_logit,origin_2023_04,test,4,265156,0.003810168019866489,0.0037298797688907663,989
regime_aware_logit,origin_2023_04,test,5,265156,0.006060519409626269,0.004450210442154807,1180
regime_aware_logit,origin_2023_04,test,6,265156,0.009816222874848039,0.00504985744241126,1339
regime_aware_logit,origin_2023_04,test,7,265156,0.015854173774790006,0.006433948317217035,1706
regime_aware_logit,origin_2023_04,test,8,265155,0.0265644757649848,0.008527087929701496,2261
regime_aware_logit,origin_2023_04,test,9,265155,0.07322128229823788,0.02814580151232298,7463
baseline_logit,pooled,test,0,665086,0.0005477965048195847,0.0004976799992782888,331
baseline_logit,pooled,test,1,665086,0.0010461665468914914,0.000863046282736368,574
baseline_logit,pooled,test,2,665086,0.0015575672374677605,0.0014178617502097473,943
baseline_logit,pooled,test,3,665086,0.0021872156545293345,0.0021290479727433744,1416
baseline_logit,pooled,test,4,665086,0.0030409376308486408,0.0030356976391023114,2019
baseline_logit,pooled,test,5,665086,0.004313831783319311,0.003563448937430648,2370
baseline_logit,pooled,test,6,665086,0.006396247129464061,0.004591887364942278,3054
baseline_logit,pooled,test,7,665086,0.010132049442511453,0.005122645793175619,3407
baseline_logit,pooled,test,8,665085,0.018048025441322505,0.0077719389250998,5169
baseline_logit,pooled,test,9,665085,0.06195309428695263,0.026387604591894268,17550
macro_logit,pooled,test,0,665086,0.0007615402751425069,0.0008720676724513823,580
macro_logit,pooled,test,1,665086,0.0019168555258537454,0.001918548879393041,1276
macro_logit,pooled,test,2,665086,0.0034525892975589834,0.002267375948373594,1508
macro_logit,pooled,test,3,665086,0.005608326414291228,0.002652288576214204,1764
macro_logit,pooled,test,4,665086,0.008828537365462786,0.0034401566113254527,2288
macro_logit,pooled,test,5,665086,0.014467955567658487,0.0049903320773554095,3319
macro_logit,pooled,test,6,665086,0.02881203997282166,0.009000339805679266,5986
macro_logit,pooled,test,7,665086,0.6304309912773097,0.018477309701301788,12289
macro_logit,pooled,test,8,665085,0.9990355542587148,0.0032191374034897793,2141
macro_logit,pooled,test,9,665085,0.9999661283130722,0.008543268905478248,5682
regime_aware_logit,pooled,test,0,665086,0.00047390231359352024,0.0007021648328186129,467
regime_aware_logit,pooled,test,1,665086,0.0010634205438066983,0.001377265496492183,916
regime_aware_logit,pooled,test,2,665086,0.0018641089938480797,0.0024222431384813394,1611
regime_aware_logit,pooled,test,3,665086,0.003241588643942533,0.0036386271850557673,2420
regime_aware_logit,pooled,test,4,665086,0.005941890402824296,0.004324252803396854,2876
regime_aware_logit,pooled,test,5,665086,0.01135067488799691,0.0055692045840688275,3704
regime_aware_logit,pooled,test,6,665086,0.018109092098001964,0.0031093723217749283,2068
regime_aware_logit,pooled,test,7,665086,0.02112763434379979,0.00376643020601847,2505
regime_aware_logit,pooled,test,8,665085,0.02445480798593691,0.005100099987219679,3392
regime_aware_logit,pooled,test,9,665085,0.052587938211890145,0.025371193155762046,16874
